Payer ID,Payer Identification Information,Status,Enrollment Required Type,270s Enrollment Available,Claims Information Type,Eligibility and Benefits Information Available,Remittance Information Available,eAttachment Information Accepts eAttachments,Processor,Eligibility Notes,,,,,,,,,,,,,,,
AARP1,AARP Dental Insurance Plan,TRUE,TRUE,TRUE,RT Detailed,TRUE,TRUE,,NEA / Tesia,,,,,,,,,,,,,,,,
TLZ17,Access Administrators (CA ONLY),TRUE,TRUE,TRUE,RT Detailed,TRUE,TRUE,,DD-CA,,,,,,,,,,,,,,,,
91185,Access Dental,TRUE,TRUE,TRUE,RT General,FALSE,FALSE,,PREML,,,,,,,,,,,,,,,,
TLX81,ACEC Health Plans (Salt Lake City UT),TRUE,TRUE,TRUE,RT Detailed,TRUE,TRUE,,NFA,,,,,,,,,,,,,,,,
72468,ACS Benefit Services Inc,TRUE,TRUE,TRUE,RT Detailed,TRUE,TRUE,,PREML,,,,,,,,,,,,,,,,
38255,Activa Benefit Services llc,TRUE,TRUE,TRUE,RT Detailed,TRUE,TRUE,,DBENP,,,,,,,,,,,,,,,,
TLU02,Administration System Research (ASR) Corporation,,FALSE,FALSE,FALSE,RT General,FALSE,FALSE,,,,,,,,,,,,,,,,,
CX076,Administrative Services Only (ASO),,FALSE,FALSE,FALSE,RT General,FALSE,FALSE,,,,,,,,,,,,,,,,,
TLX97,ADN Administrators,,FALSE,FALSE,FALSE,RT General,FALSE,FALSE,,,,,,,,,,,,,,,,,
93524,Advantage Dental,TRUE,TRUE,TRUE,RT Detailed,TRUE,TRUE,,ASOSI,,,,,,,,,,,,,,,,
60054,Aetna,TRUE,TRUE,TRUE,RT Detailed,TRUE,TRUE,,ΑΕΤΝΑ,,,,,,,,,,,,,,,,
57604,Aetna Affordable Health Choices (SM) - Src,TRUE,TRUE,TRUE,RT Detailed,TRUE,TRUE,,ΑΕΤΝΑ,,,,,,,,,,,,,,,,
128WV,Aetna Better Life And Health of WV,TRUE,TRUE,TRUE,RT Detailed,TRUE,TRUE,,ΑΕΤΝΑ,,,,,,,,,,,,,,,,
68246,Aetna Dmo,TRUE,TRUE,TRUE,RT Detailed,TRUE,TRUE,,ΑΕΤΝΑ,,,,,,,,,,,,,,,,
18014,Aetna Medicare,TRUE,TRUE,TRUE,RT Detailed,TRUE,TRUE,,ABS01,,,,,,,,,,,,,,,,
CX083,Alameda Alliance,,FALSE,FALSE,FALSE,RT General,FALSE,FALSE,,,,,,,,,,,,,,,,,
ALH01,Aliera Healthcare,,FALSE,FALSE,FALSE,RT General,FALSE,FALSE,,,,,,,,,,,,,,,,,
BR400,Allegiant Care,,FALSE,FALSE,FALSE,RT General,FALSE,FALSE,,,,,,,,,,,,,,,,,
93658,Alliance Coal Direct,,FALSE,FALSE,FALSE,RT General,FALSE,FALSE,,,,,,,,,,,,,,,,,
70106,Alliant Services,TRUE,TRUE,TRUE,RT Detailed,TRUE,TRUE,,ABS01,,,,,,,,,,,,,,,,
ABS01,Aflac Benefits Solution,TRUE,TRUE,TRUE,RT DETAILED,FALSE,FALSE,,ABS01,,,,,,,,,,,,,,,,
AFLMA,Aflac Benefits Solutions Medicare Claims,TRUE,TRUE,TRUE,RT DETAILED,FALSE,FALSE,,ABS01,,,,,,,,,,,,,,,,
AFLAC,Aflac Claims,TRUE,TRUE,TRUE,RT DETAILED,FALSE,FALSE,,LIBTY,,,,,,,,,,,,,,,,
11370,A-G Administrators llc,TRUE,TRUE,TRUE,RT General,FALSE,FALSE,,,,,,,,,,,,,,,,,,
64884,Aither Health,TRUE,TRUE,TRUE,RT General,FALSE,FALSE,,,,,,,,,,,,,,,,,,
66373,Alaska UFCW,TRUE,TRUE,TRUE,RT General,FALSE,FALSE,,,,,,,,,,,,,,,,,,
DENT3,All Smiles Community Oral Health,TRUE,TRUE,TRUE,RT Detailed,TRUE,TRUE,,,,,,,,,,,,,,,,,,
CXALC,Allcare CCO,TRUE,TRUE,TRUE,RT General,FALSE,FALSE,,,,,,,,,,,,,,,,,,
TLU11,Allegiance Benefit Plan Management,TRUE,TRUE,TRUE,RT Detailed,TRUE,TRUE,,,,,,,,,,,,,,,,,,
50503,Altus Dental,,FALSE,FALSE,FALSE,RT General,FALSE,FALSE,,ALTUS,,,,,,,,,,,,,,,
TLX56,Allied Benefit Systems,,FALSE,FALSE,FALSE,RT General,FALSE,FALSE,,UNUM1,,,,,,,,,,,,,,,
STR01,Always Care Benefits,TRUE,TRUE,TRUE,RT Detailed,TRUE,TRUE,,AMAL1,,,,,,,,,,,,,,,,
13343,Amalgamated Life / Alicare,,FALSE,FALSE,FALSE,RT General,FALSE,FALSE,,,,,,,,,,,,,,,,,
60801,American Public Life,,FALSE,FALSE,FALSE,RT General,FALSE,FALSE,,,,,,,,,,,,,,,,,
TLU15,Amalgamated Life / Alicare,TRUE,TRUE,TRUE,RT Detailed,TRUE,TRUE,,AMAL1,,,,,,,,,,,,,,,,
TLY53,Amalgamated Life / Alicare,,FALSE,FALSE,FALSE,RT General,FALSE,FALSE,,,,,,,,,,,,,,,,,
TLU23,Ameriben Solutions,,FALSE,FALSE,FALSE,RT General,FALSE,FALSE,,,,,,,,,,,,,,,,,
75240,American Administrative Group (AAG),TRUE,TRUE,TRUE,RT Detailed,TRUE,TRUE,,,,,,,,,,,,,,,,,,
CX084,American Benefits Corporation,,FALSE,FALSE,FALSE,RT General,FALSE,FALSE,,,,,,,,,,,,,,,,,
CX001,American Medical Security,,FALSE,FALSE,FALSE,RT General,FALSE,FALSE,,,,,,,,,,,,,,,,,
47009,Ameritas Life Insurance Company,TRUE,TRUE,TRUE,RT Detailed,TRUE,TRUE,,AMERI,,,,,,,,,,,,,,,,
41201,Amwins Connect Administrators,,FALSE,FALSE,FALSE,RT General,FALSE,FALSE,,,,,,,,,,,,,,,,,
53085,Anchor Benefit Consulting Inc,,FALSE,FALSE,FALSE,RT General,FALSE,FALSE,,,,,,,,,,,,,,,,,
CX083,Anthem Health Plans - Hmod & Hmog,TRUE,TRUE,TRUE,RT DETAILED,FALSE,FALSE,,LIBTY,,,,,,,,,,,,,,,,
CX083,Anthem Health Plans of Kentucky - OSB High & Low,TRUE,TRUE,TRUE,RT DETAILED,FALSE,FALSE,,LIBTY,,,,,,,,,,,,,,,,
CX083,Anthem Health Plans of Kentucky - PPOD & PPOD,TRUE,TRUE,TRUE,RT DETAILED,FALSE,FALSE,,LIBTY,,,,,,,,,,,,,,,,
CX083,Anthem Health Plans of Virgina - OSB High & Low,TRUE,TRUE,TRUE,RT DETAILED,FALSE,FALSE,,LIBTY,,,,,,,,,,,,,,,,
CX083,Anthem Health Plans of Virgina - PPOB & PPOD,TRUE,TRUE,TRUE,RT DETAILED,FALSE,FALSE,,LIBTY,,,,,,,,,,,,,,,,
CX083,Anthem Hmo Colorado - HMO-B,TRUE,TRUE,TRUE,RT DETAILED,FALSE,FALSE,,LIBTY,,,,,,,,,,,,,,,,
CX083,Anthem Insurance - OSB High & Low,TRUE,TRUE,TRUE,RT DETAILED,FALSE,FALSE,,LIBTY,,,,,,,,,,,,,,,,
CX083,Anthem Insurenace - PPOB & PPOB,TRUE,TRUE,TRUE,RT DETAILED,FALSE,FALSE,,LIBTY,,,,,,,,,,,,,,,,
34196,Apex Benefit Services,,FALSE,FALSE,FALSE,RT General,FALSE,FALSE,,,,,,,,,,,,,,,,,
TLW68,Apipa (Arizona Physicians IPA) - Claims Only,TRUE,TRUE,TRUE,RT Detailed,TRUE,TRUE,,DBENP,,,,,,,,,,,,,,,,
TLX06,Apipa (Arizona Physicians IPA) - Pre Determinations Only,TRUE,TRUE,TRUE,RT Detailed,TRUE,TRUE,,DBENP,,,,,,,,,,,,,,,,
ARCMS,AR Medicare Advantage,TRUE,TRUE,TRUE,RT Detailed,TRUE,TRUE,,DD-MI,,,,,,,,,,,,,,,,
ARGUS,Arqus Dental Plan,TRUE,TRUE,TRUE,RT General,FALSE,FALSE,,ARGUS,,,,,,,,,,,,,,,,
63240,ARM Ltd,,FALSE,FALSE,FALSE,RT General,FALSE,FALSE,,,,,,,,,,,,,,,,,
TLX83,Assured Benefit Administrators,,FALSE,FALSE,FALSE,RT General,FALSE,FALSE,,,,,,,,,,,,,,,,,
93221,Asuris Northwest Health,TRUE,TRUE,TRUE,RT Detailed,TRUE,TRUE,,,,,,,,,,,,,,,,,,
ADN01,Atlantic Dental (ADI),,FALSE,FALSE,FALSE,RT General,FALSE,FALSE,,ADN01,,,,,,,,,,,,,,,
ΑΤΡΑΙ,ΑΤΡΑ - Associated Third Party Administrators,,FALSE,FALSE,FALSE,RT General,FALSE,FALSE,,,,,,,,,,,,,,,,,
86098,Avesis,TRUE,TRUE,TRUE,RT Detailed,TRUE,TRUE,,AVES1,,,,,,,,,,,,,,,,
AULTC,Aultcare,TRUE,TRUE,TRUE,RT Detailed,TRUE,TRUE,,,,,,,,,,,,,,,,,,
37242,Aultra Administrative Group,,FALSE,FALSE,FALSE,RT General,FALSE,FALSE,,,,,,,,,,,,,,,,,
38259,Automated Benefit Services,,FALSE,FALSE,FALSE,RT General,FALSE,FALSE,,,,,,,,,,,,,,,,,
A2051,Bac Local 15 Welfare Fund,TRUE,TRUE,TRUE,RT General,FALSE,FALSE,,,,,,,,,,,,,,,,,,
TLY50,Banner Health And Dental Plan,,FALSE,FALSE,FALSE,RT General,FALSE,FALSE,,,,,,,,,,,,,,,,,
49153,Bci Administrators Inc,TRUE,TRUE,TRUE,RT Detailed,TRUE,TRUE,,,,,,,,,,,,,,,,,,
BEAM1,Beam Dental,,FALSE,FALSE,FALSE,RT General,FALSE,FALSE,,BEAM1,,,,,,,,,,,,,,,
60054,Bell Atlantic,TRUE,TRUE,TRUE,RT Detailed,TRUE,TRUE,,ΑΕΤΝΑ,,,,,,,,,,,,,,,,
23210,Benecare Dental Plan,,FALSE,FALSE,FALSE,RT General,FALSE,FALSE,,,,,,,,,,,,,,,,,
41205,Benefit Administrative Systems - MS,,FALSE,FALSE,FALSE,RT General,FALSE,FALSE,,,,,,,,,,,,,,,,,
R7003,Benefit Inc,TRUE,TRUE,TRUE,RT Detailed,TRUE,TRUE,,,,,,,,,,,,,,,,,,
43471,Benefit Management / Inetco,,FALSE,FALSE,FALSE,RT General,FALSE,FALSE,,,,,,,,,,,,,,,,,
37212,Benefit Management Systems,TRUE,TRUE,TRUE,RT Detailed,TRUE,TRUE,,DD-MN,,,,,,,,,,,,,,,,
19753,Benefit Plan Administrators Inc,,FALSE,FALSE,FALSE,RT General,FALSE,FALSE,,,,,,,,,,,,,,,,,
20413,Benefit Plan Administrators Inc,,FALSE,FALSE,FALSE,RT General,FALSE,FALSE,,,,,,,,,,,,,,,,,
39081,Benefit Plan Administrators Inc,TRUE,TRUE,TRUE,RT Detailed,TRUE,TRUE,,DD-MN,,,,,,,,,,,,,,,,
37118,Benefit Plan Administrators of VA,,FALSE,FALSE,FALSE,RT General,FALSE,FALSE,,,,,,,,,,,,,,,,,
40459,Benefit Support Inc.,,FALSE,FALSE,FALSE,RT General,FALSE,FALSE,,,,,,,,,,,,,,,,,
7000,Benefits Inc,,FALSE,FALSE,FALSE,RT General,FALSE,FALSE,,,,,,,,,,,,,,,,,
BMX01,Benemax,,FALSE,FALSE,FALSE,RT General,FALSE,FALSE,,,,,,,,,,,,,,,,,
BENTO,BENTO,TRUE,TRUE,TRUE,RT Detailed,TRUE,TRUE,,BENT1,,,,,,,,,,,,,,,,
95604,Best Life And Health Insurance Company,,FALSE,FALSE,FALSE,RT General,FALSE,FALSE,,,,,,,,,,,,,,,,,
CB987,Blackhawk,,FALSE,FALSE,FALSE,RT General,FALSE,FALSE,,,,,,,,,,,,,,,,,
TLY26,Blue Advantage (BCBS of AR),TRUE,TRUE,TRUE,RT Detailed,TRUE,TRUE,,UCCI1,,,,,,,,,,,,,,,,
84105,Blue Cross Blue Shield (Anthem),TRUE,TRUE,TRUE,RT Detailed,TRUE,TRUE,,WLPNT,,,,,,,,,,,,,,,,
CBAL1,Blue Cross Blue Shield of Alabama,TRUE,TRUE,TRUE,RT Detailed,TRUE,TRUE,,BCALD,,,,,,,,,,,,,,,,
47570,Blue Cross Blue Shield of Alaska (Premera),TRUE,TRUE,TRUE,RT Detailed,TRUE,TRUE,,BC-WA,,,,,,,,,,,,,,,,
TBX01,Blue Cross Blue Shield of Arizona,TRUE,TRUE,TRUE,RT Detailed,TRUE,TRUE,,DD-AZ,,,,,,,,,,,,,,,,
83470,Blue Cross Blue Shield of Arkansas,TRUE,TRUE,TRUE,RT Detailed,TRUE,TRUE,,DD-AR,,,,,,,,,,,,,,,,
TFQ45,Blue Cross Blue Shield of Arkansas - Federal,TRUE,TRUE,TRUE,RT Detailed,TRUE,TRUE,,UCCI1,,,,,,,,,,,,,,,,
84099,Blue Cross Blue Shield of Colorado,TRUE,TRUE,TRUE,RT Detailed,TRUE,TRUE,,WLPNT,,,,,,,,,,,,,,,,
65358,Blue Cross Blue Shield of Connecticut,TRUE,TRUE,TRUE,RT Detailed,TRUE,TRUE,,WLPNT,,,,,,,,,,,,,,,,
700,Blue Cross Blue Shield of Connecticut- Family Plan,TRUE,TRUE,TRUE,RT Detailed,TRUE,TRUE,,UCCI1,,,,,,,,,,,,,,,,
53287,Blue Cross Blue Shield of Delaware,TRUE,TRUE,TRUE,RT Detailed,TRUE,TRUE,,WLPNT,,,,,,,,,,,,,,,,
590,Blue Cross Blue Shield of Florida - Federal,TRUE,TRUE,TRUE,RT Detailed,TRUE,TRUE,,WLPNT,,,,,,,,,,,,,,,,
SB601,Blue Cross Blue Shield of Georgia,TRUE,TRUE,TRUE,RT Detailed,TRUE,TRUE,,UCCI1,,,,,,,,,,,,,,,,
CB621,Blue Cross Blue Shield of Illinois,TRUE,TRUE,TRUE,RT Detailed,TRUE,TRUE,,,,,,,,,,,,,,,,,,
84105,Blue Cross Blue Shield of Indiana (Anthem),TRUE,TRUE,TRUE,RT Detailed,TRUE,TRUE,,WLPNT,,,,,,,,,,,,,,,,
TLU89,Blue Cross Blue Shield of Indiana (FEP),TRUE,TRUE,TRUE,RT General,FALSE,FALSE,,WLPNT,,,,,,,,,,,,,,,,
CBIA2,Blue Cross Blue Shield of Iowa,TRUE,TRUE,TRUE,RT Detailed,TRUE,TRUE,,WLPNT,,,,,,,,,,,,,,,,
CBIA1,Blue Cross Blue Shield of Iowa Federal,TRUE,TRUE,TRUE,RT General,FALSE,FALSE,,WLPNT,,,,,,,,,,,,,,,,
47163,Blue Cross Blue Shield of Kansas,TRUE,TRUE,TRUE,RT Detailed,TRUE,TRUE,,,,,,,,,,,,,,,,,,
16112,Health Economics Group Inc,,FALSE,FALSE,FALSE,RT General,FALSE,FALSE,,,,HEG01,,,,,,,,,,,,,
TLW61,Health First Tpa,,FALSE,FALSE,FALSE,RT General,FALSE,FALSE,,,,,,,,,,,,,,,,,
CX083,Health Net - Healthy Families A B & C,TRUE,TRUE,TRUE,RT DETAILED,FALSE,FALSE,,,,LIBTY,,,,,,,,,,,,,,
CX083,Health Net - Los Angeles PHP,TRUE,TRUE,TRUE,RT DETAILED,FALSE,FALSE,,,,LIBTY,,,,,,,,,,,,,,
CX083,Health Net - Sacramento GMC,TRUE,TRUE,TRUE,RT DETAILED,FALSE,FALSE,,,,LIBTY,,,,,,,,,,,,,,
CX083,Health Net 21 - La & Sacramento,TRUE,TRUE,TRUE,RT DETAILED,FALSE,FALSE,,,,LIBTY,,,,,,,,,,,,,,
CX009,Health Partners of Minnesota,TRUE,TRUE,TRUE,RT General,FALSE,FALSE,,,,HLTHP,,,,,,,,,,,,,,
CX019,Health Resources Inc,,FALSE,FALSE,FALSE,RT General,FALSE,FALSE,,,,HRINC,,,,,,,,,,,,,
HCH01,Healthcare Highways Health Plan,,FALSE,FALSE,FALSE,RT General,FALSE,FALSE,,,,,,,,,,,,,,,,,
HCHHP,Healthcare Highways Health Plan,,FALSE,FALSE,FALSE,RT General,FALSE,FALSE,,,,,,,,,,,,,,,,,
HCP01,Healthcare Payers Coalition,,FALSE,FALSE,FALSE,RT General,FALSE,FALSE,,,,,,,,,,,,,,,,,
71064,Healthchoice,TRUE,TRUE,TRUE,RT General,FALSE,TRUE,,,,,,,,,,,,,,,,,,
85729,Healthcomp (CA),,FALSE,FALSE,FALSE,RT General,FALSE,FALSE,,,,,,,,,,,,,,,,,
TF064,HealthComp North,TRUE,TRUE,TRUE,RT Detailed,TRUE,TRUE,,,,,,,,,,,,,,,,,,
7205,Healthcomp South,TRUE,TRUE,TRUE,RT Detailed,TRUE,TRUE,,,,,,,,,,,,,,,,,,
95213,Healthedge Administrators,,FALSE,FALSE,FALSE,RT General,FALSE,FALSE,,,,,,,,,,,,,,,,,
59226,Healthmarkets,,FALSE,FALSE,FALSE,RT General,FALSE,FALSE,,,,,,,,,,,,,,,,,
52133,Healthnet of Oregon,TRUE,TRUE,TRUE,RT Detailed,TRUE,TRUE,,,,DBENP,,,,,,,,,,,,,,
51037,Healthnow Administrative Services,,FALSE,FALSE,FALSE,RT General,FALSE,FALSE,,,,,,,,,,,,,,,,,
11271,Healthplex,,FALSE,FALSE,FALSE,RT General,FALSE,FALSE,,,,HPLEX,,,,,,,,,,,,,
37256,Healthsmart Benefit Solutions,,FALSE,FALSE,FALSE,RT General,FALSE,FALSE,,,,,,,,,,,,,,,,,
37283,Healthsmart Benefit Solutions,,FALSE,FALSE,FALSE,RT General,FALSE,FALSE,,,,,,,,,,,,,,,,,
87815,Healthsmart Benefit Solutions,,FALSE,FALSE,FALSE,RT General,FALSE,FALSE,,,,,,,,,,,,,,,,,
CX083,Healthy Alliance Life Insurance Ppob,TRUE,TRUE,TRUE,RT DETAILED,FALSE,FALSE,,,,LIBTY,,,,,,,,,,,,,,
CARRS,Healthy Mighigan Dental,,FALSE,FALSE,FALSE,RT General,FALSE,FALSE,,,,,,,,,,,,,,,,,
HGL01,Heavy & General Laborers,,FALSE,FALSE,FALSE,RT General,FALSE,FALSE,,,,,,,,,,,,,,,,,
HMSA1,HMSA (Hawaii Medical Services) - Commercial,TRUE,TRUE,TRUE,RT Detailed,TRUE,TRUE,,,,UCCI1,,,,,,,,,,,,,,
22099,Horizon Healthcare of New York,TRUE,TRUE,TRUE,RT Detailed,FALSE,TRUE,,,,HORZN,,,,,,,,,,,,,,
91060,Hotel Employees Restaurant Employees Health Trust,TRUE,TRUE,TRUE,RT Detailed,TRUE,TRUE,,,,NWA01,,,,,,,,,,,,,,
HPSMD,Hpsm Dental,,FALSE,FALSE,FALSE,RT General,FALSE,FALSE,,,,,,,,,,,,,,,,,
37224,Hsbs Memphis,,FALSE,FALSE,FALSE,RT General,FALSE,FALSE,,,,,,,,,,,,,,,,,
73288,Humana Dental,TRUE,TRUE,TRUE,RT Detailed,TRUE,TRUE,,,,HUMAN,,,,,,,,,,,,,,
22175,I E SHAFFER,,FALSE,FALSE,FALSE,RT General,FALSE,FALSE,,,,,,,,,,,,,,,,,
DDIAS,IAS Administrators Dental,,FALSE,FALSE,FALSE,RT General,FALSE,FALSE,,,,,,,,,,,,,,,,,
IAT01,IATSE - Intl Assoc of Theatrical Stage Employees,,FALSE,FALSE,FALSE,RT General,FALSE,FALSE,,,,,,,,,,,,,,,,,
A1464,IBEW Local 364,,FALSE,FALSE,FALSE,RT General,FALSE,FALSE,,,,,,,,,,,,,,,,,
A1317,IBEW Local 38,TRUE,TRUE,TRUE,RT Detailed,TRUE,TRUE,,,,DD-MI,,,,,,,,,,,,,,
A1461,IBEW Local 461,,FALSE,FALSE,FALSE,RT General,FALSE,FALSE,,,,,,,,,,,,,,,,,
A4681,IBEW Local 481,,FALSE,FALSE,FALSE,RT General,FALSE,FALSE,,,,,,,,,,,,,,,,,
IBEW9,IBEW Local 9 Health Fund,,FALSE,FALSE,FALSE,RT General,FALSE,FALSE,,,,,,,,,,,,,,,,,
VAICE,ICE HEALTH SERVICE CORPS,TRUE,TRUE,TRUE,RT Detailed,TRUE,TRUE,,,,UCCI1,,,,,,,,,,,,,,
89070,Independence Blue Cross Dental Plan - Blueextrasm,TRUE,TRUE,TRUE,RT Detailed,TRUE,TRUE,,,,,,,,,,,,,,,,,,
IBC01,Independence Blue Cross Dental Plan - Dominion,,FALSE,FALSE,FALSE,RT General,FALSE,FALSE,,,,DOMUS,,,,,,,,,,,,,
35107,Indiana Teamsters Health Benefits Fund,,FALSE,FALSE,FALSE,RT General,FALSE,FALSE,,,,,,,,,,,,,,,,,
98481,Innermark TPA,,FALSE,FALSE,FALSE,RT General,FALSE,FALSE,,,,,,,,,,,,,,,,,
38255,Insight Benefit Administrators,,FALSE,FALSE,FALSE,RT General,FALSE,FALSE,,,,,,,,,,,,,,,,,
37279,Insurance Administrators of America,,FALSE,FALSE,FALSE,RT General,FALSE,FALSE,,,,,,,,,,,,,,,,,
11889,Insurance Systems Inc,,FALSE,FALSE,FALSE,RT General,FALSE,FALSE,,,,SDATA,,,,,,,,,,,,,
IAC01,Insurers Administrative Corp,,FALSE,FALSE,FALSE,RT General,FALSE,FALSE,,,,,,,,,,,,,,,,,
51020,Integra Administrative Group,,FALSE,FALSE,FALSE,RT General,FALSE,FALSE,,,,,,,,,,,,,,,,,
68031,Integrity Administrators Inc (IAI),TRUE,TRUE,TRUE,RT General,FALSE,FALSE,,,,,,,,,,,,,,,,,,
56132,Interactive Medical Systems,,FALSE,FALSE,FALSE,RT General,FALSE,FALSE,,,,,,,,,,,,,,,,,
11329,International Benefits Administrators,,FALSE,FALSE,FALSE,RT General,FALSE,FALSE,,,,,,,,,,,,,,,,,
IUP81,Intl Union of Painters And Allied Trades Local 81,,FALSE,FALSE,FALSE,RT General,FALSE,FALSE,,,,,,,,,,,,,,,,,
36342,Ipmg Employee Benefits,,FALSE,FALSE,FALSE,RT General,FALSE,FALSE,,,,,,,,,,,,,,,,,
41600,Itasca Medical Care,,FALSE,FALSE,FALSE,RT General,FALSE,FALSE,,,,,,,,,,,,,,,,,
IHS02,Jericho Share,,FALSE,FALSE,FALSE,RT General,FALSE,FALSE,,,,,,,,,,,,,,,,,
TLW64,J Specialty Services Company,,FALSE,FALSE,FALSE,RT General,FALSE,FALSE,,,,,,,,,,,,,,,,,
RP073,Kaiser Foundation Northwest Dental - Pai,,FALSE,FALSE,FALSE,RT General,FALSE,FALSE,,,,,,,,,,,,,,,,,
A2032,Kansas City Laborers Welfare Fund,TRUE,TRUE,TRUE,RT Detailed,TRUE,TRUE,,,,DD-MI,,,,,,,,,,,,,,
TKC01,Kansas City Life Insurance Company,,FALSE,FALSE,FALSE,RT General,FALSE,FALSE,,,,,,,,,,,,,,,,,
73100,Kempton Group,,FALSE,FALSE,FALSE,RT General,FALSE,FALSE,,,,,,,,,,,,,,,,,
82357,Kentucky Health Administrators,,FALSE,FALSE,FALSE,RT General,FALSE,FALSE,,,,,,,,,,,,,,,,,
CX083,La Care Health Plan,TRUE,TRUE,TRUE,RT DETAILED,FALSE,FALSE,,,,LIBTY,,,,,,,,,,,,,,
77684,Las Vegas Firefighters Health And Welfare Trust,,FALSE,FALSE,FALSE,RT General,FALSE,FALSE,,,,,,,,,,,,,,,,,
LEVEL,Level Benefits Ine,,FALSE,FALSE,FALSE,RT General,FALSE,FALSE,,,,LEVEL,,,,,,,,,,,,,
CX083,Liberty Dental Plan,TRUE,TRUE,TRUE,RT DETAILED,FALSE,FALSE,,,,LIBTY,,,,,,,,,,,,,,
RLH01,Lifemap Dental Claims,,FALSE,FALSE,FALSE,RT General,FALSE,FALSE,,,,,,,,,,,,,,,,,
CX047,Lifere,,FALSE,FALSE,FALSE,RT General,FALSE,FALSE,,,,,,,,,,,,,,,,,
CX061,Lincoln Financial Group (Lincoln National Life),,FALSE,FALSE,FALSE,RT General,FALSE,FALSE,,,,LFG01,,,,,,,,,,,,,
JPF01,Lincoln Financial/Jefferson Pilot/Guarantee Life,,FALSE,FALSE,FALSE,RT General,FALSE,FALSE,,,,,,,,,,,,,,,,,
73288,Lincoln National (WI),TRUE,TRUE,TRUE,RT Detailed,TRUE,TRUE,,,,HUMAN,,,,,,,,,,,,,,
LCB01,Line Construction Benefits Fund,,FALSE,FALSE,FALSE,RT General,FALSE,FALSE,,,,,,,,,,,,,,,,,
TRW01,Local 136 Health & Welfare Fund,,FALSE,FALSE,FALSE,RT General,FALSE,FALSE,,,,,,,,,,,,,,,,,
84041,Local 137 Operating Engineers Welfare Fund,,FALSE,FALSE,FALSE,RT General,FALSE,FALSE,,,,,,,,,,,,,,,,,
IAHFI,Local 17 - Intl Assoc of Heat & Frost Insulators,,FALSE,FALSE,FALSE,RT General,FALSE,FALSE,,,,,,,,,,,,,,,,,
CB752,Lockard And Williams,,FALSE,FALSE,FALSE,RT General,FALSE,FALSE,,,,,,,,,,,,,,,,,
25160,Managed Care of America,,FALSE,FALSE,FALSE,RT General,FALSE,FALSE,,,,,,,,,,,,,,,,,
65030,Managed Care of North America (MCNA),TRUE,TRUE,TRUE,RT General,FALSE,FALSE,,,,MCNA1,,,,,,,,,,,,,,
86253,Manhattan Life Assurance Company of America,,FALSE,FALSE,FALSE,RT General,FALSE,FALSE,,,,,,,,,,,,,,,,,
60054,Marriott,TRUE,TRUE,TRUE,RT Detailed,TRUE,TRUE,,,,ΑΕΤΝΑ,,,,,,,,,,,,,,
52682,MBA TPA,,FALSE,FALSE,FALSE,RT General,FALSE,FALSE,,,,,,,,,,,,,,,,,
56205,Mbs (Medcost Benefit Services),,FALSE,FALSE,FALSE,RT General,FALSE,FALSE,,,,,,,,,,,,,,,,,
74323,Medben,,FALSE,FALSE,FALSE,RT General,FALSE,FALSE,,,,MDBEN,,,,,,,,,,,,,
CX026,MEDICA of Minnesota,TRUE,TRUE,TRUE,RT Detailed,TRUE,TRUE,,,,DD-MN,,,,,,,,,,,,,,
MEPUB,MEDICA Public Programs,TRUE,TRUE,TRUE,RT Detailed,TRUE,TRUE,,,,DD-MN,,,,,,,,,,,,,,
CX083,MEDICA Public Programs,TRUE,TRUE,TRUE,RT DETAILED,FALSE,FALSE,,,,LIBTY,,,,,,,,,,,,,,
CKAL1,Medicaid of Alabama,,FALSE,FALSE,FALSE,RT General,FALSE,TRUE,,,,,,,,,,,,,,,,,
CKAZI,Medicaid of Arizona (Ahcccs),TRUE,TRUE,TRUE,RT Detailed,TRUE,TRUE,,,,DORAL,,,,,,,,,,,,,,
CKAR1,Medicaid of Arkansas,TRUE,TRUE,TRUE,RT General,FALSE,TRUE,,,,,,,,,,,,,,,,,,
CKCO1,Medicaid of Colorado,TRUE,TRUE,TRUE,RT Detailed,TRUE,TRUE,,,,DORAL,,,,,,,,,,,,,,
CKCT1,Medicaid of Connecticut,,FALSE,FALSE,FALSE,RT General,FALSE,TRUE,,,,,,,,,,,,,,,,,
CKDE1,Medicaid of Delaware,,FALSE,FALSE,FALSE,RT General,FALSE,TRUE,,,,,,,,,,,,,,,,,
MCDC1,Medicaid of District of Columbia (DC),TRUE,TRUE,TRUE,RT Detailed,TRUE,TRUE,,,,DORAL,,,,,,,,,,,,,,
CKFL1,Medicaid of Florida,,FALSE,FALSE,FALSE,RT General,FALSE,TRUE,,,,,,,,,,,,,,,,,
CKGA2,Medicaid of Georgia (HFP),,FALSE,FALSE,FALSE,RT General,FALSE,TRUE,,,,DORAL,,,,,,,,,,,,,
TMCHI,Medicaid of Hawaii (Hawaii Dental Services),TRUE,TRUE,TRUE,RT Detailed,TRUE,TRUE,,,,,,,,,,,,,,,,,,
CKID1,Medicaid of Idaho,,FALSE,FALSE,FALSE,RT General,FALSE,TRUE,,,,,,,,,,,,,,,,,
CX014,Medicaid of Illinois,,FALSE,FALSE,FALSE,RT General,FALSE,TRUE,,,,,,,,,,,,,,,,,
CKIN1,Medicaid of Indiana,TRUE,TRUE,TRUE,RT Detailed,TRUE,TRUE,,,,DORAL,,,,,,,,,,,,,,
CKKS1,Medicaid of Kansas,TRUE,TRUE,TRUE,RT General,FALSE,TRUE,,,,,,,,,,,,,,,,,,
CKKY3,Medicaid of Kentucky (Region 3 - Doral Dental),TRUE,TRUE,TRUE,RT Detailed,TRUE,TRUE,,,,DORAL,,,,,,,,,,,,,,
TLU10,Medicaid of Kentucky (Region 5 - KY Health Choice),,FALSE,FALSE,FALSE,RT General,FALSE,TRUE,,,,,,,,,,,,,,,,,
CKME1,Medicaid of Maine,TRUE,TRUE,TRUE,RT Detailed,TRUE,TRUE,,,,DORAL,,,,,,,,,,,,,,
MCMD1,Medicaid of Maryland,,FALSE,FALSE,FALSE,RT General,FALSE,TRUE,,,,,,,,,,,,,,,,,
CKMA1,Medicaid of Massachusetts (Mass Health),TRUE,TRUE,TRUE,RT Detailed,TRUE,TRUE,,,,DORAL,,,,,,,,,,,,,,
CKM11,Medicaid of Michigan,,FALSE,FALSE,FALSE,RT General,FALSE,TRUE,,,,,,,,,,,,,,,,,
CKMS1,Medicaid of Mississippi,TRUE,TRUE,TRUE,RT General,FALSE,TRUE,,,,,,,,,,,,,,,,,,
CKMO1,Medicaid of Missouri,,FALSE,FALSE,FALSE,RT General,FALSE,FALSE,,,,,,,,,,,,,,,,,
CKMT1,Medicaid of Montana,,FALSE,FALSE,FALSE,RT General,FALSE,TRUE,,,,,,,,,,,,,,,,,
MCNE1,Medicaid of Nebraska,,FALSE,FALSE,FALSE,RT General,FALSE,FALSE,,,,,,,,,,,,,,,,,
MCNV1,Medicaid of Nevada,TRUE,TRUE,TRUE,RT General,FALSE,TRUE,,,,,,,,,,,,,,,,,,
CKNH1,Medicaid of New Hampshire,TRUE,TRUE,TRUE,RT General,FALSE,FALSE,,,,,,,,,,,,,,,,,,
CKNJ1,Medicaid of New Jersey,TRUE,TRUE,TRUE,RT General,FALSE,TRUE,,,,,,,,,,,,,,,,,,
CKNM1,Medicaid of New Mexico,TRUE,TRUE,TRUE,RT General,FALSE,FALSE,,,,,,,,,,,,,,,,,,
CKNY1,Medicaid of New York,TRUE,TRUE,TRUE,RT General,FALSE,FALSE,,,,,,,,,,,,,,,,,,
CKNC1,Medicaid of North Carolina,,FALSE,FALSE,FALSE,RT General,FALSE,FALSE,,,,,,,,,,,,,,,,,
CKND1,Medicaid of North Dakota,TRUE,TRUE,TRUE,RT General,FALSE,TRUE,,,,,,,,,,,,,,,,,,
CKOH1,Medicaid of Ohio,TRUE,TRUE,TRUE,RT General,FALSE,FALSE,,Payer ID for Eligs: MMISODJFS,,,,,,,,,,,,,,,,
CKOK1,Medicaid of Oklahoma,,FALSE,FALSE,FALSE,RT General,FALSE,TRUE,,,,,,,,,,,,,,,,,
CKPA1,Medicaid of Pennsylvania,TRUE,TRUE,TRUE,RT Detailed,TRUE,TRUE,,,,DORAL,,,,,,,,,,,,,,
CKRI1,Medicaid of Rhode Island,,FALSE,FALSE,FALSE,RT General,FALSE,FALSE,,,,,,,,,,,,,,,,,
CKSC1,Medicaid of South Carolina,,FALSE,FALSE,FALSE,RT General,FALSE,FALSE,,,,,,,,,,,,,,,,,
TLZ29,Medicaid of South Dakota,,FALSE,FALSE,FALSE,RT General,FALSE,FALSE,,,,DD-SD,,,,,,,,,,,,,
CKTX1,Medicaid of Texas,,FALSE,FALSE,FALSE,RT General,FALSE,TRUE,,,,,,,,,,,,,,,,,
CKUT1,Medicaid of Utah,TRUE,TRUE,TRUE,RT General,FALSE,FALSE,,,,,,,,,,,,,,,,,,
CKVT1,Medicaid of Vermont,,FALSE,FALSE,FALSE,RT General,FALSE,TRUE,,,,,,,,,,,,,,,,,
CKVA1,Medicaid of Virgina,TRUE,TRUE,TRUE,RT Detailed,TRUE,TRUE,,,,DORAL,,,,,,,,,,,,,,
CKWA1,Medicaid of Washington,TRUE,TRUE,TRUE,RT General,FALSE,TRUE,,TRUE,WDSHS,,,,,,,,,,,,,,,
CKWI1,Medicaid of Wisconsin,,FALSE,FALSE,FALSE,RT General,FALSE,TRUE,,,,,,,,,,,,,,,,,
CKWV1,Medicaid of West Virgina,,FALSE,FALSE,FALSE,RT General,FALSE,TRUE,,,,,,,,,,,,,,,,,
CKWY1,Medicaid of Wyoming,TRUE,TRUE,TRUE,RT General,FALSE,TRUE,,,,,,,,,,,,,,,,,,
MAHC1,Medical Associates Health Plan,,FALSE,FALSE,FALSE,RT General,FALSE,FALSE,,,,,,,,,,,,,,,,,
74323,Medical Benefits Companies,,FALSE,FALSE,FALSE,RT General,FALSE,FALSE,,,,MDBEN,,,,,,,,,,,,,
74323,Medical Benefits Mutual,,FALSE,FALSE,FALSE,RT General,FALSE,FALSE,,,,,,,,,,,,,,,,,
TLU03,Medical Mutual of Ohio (MMO),TRUE,TRUE,TRUE,RT Detailed,TRUE,TRUE,,,,MEDMU,,,,,,,,,,,,,,
SDCMS,Medicare Advantage SD,,FALSE,FALSE,FALSE,RT General,FALSE,FALSE,,,,,,,,,,,,,,,,,
TNCMS,Medicare Advantage TN,,FALSE,FALSE,FALSE,RT General,FALSE,FALSE,,,,,,,,,,,,,,,,,
23160,Medico Insurance Company,TRUE,TRUE,TRUE,RT General,FALSE,FALSE,,,,MEDCO,,,,,,,,,,,,,,
73066,Medmutual Project,,FALSE,FALSE,FALSE,RT General,FALSE,FALSE,,,,,,,,,,,,,,,,,
TLW15,Mercy Care,TRUE,TRUE,TRUE,RT Detailed,TRUE,TRUE,,,,DORAL,,,,,,,,,,,,,,
65978,MetLife,TRUE,TRUE,TRUE,RT Detailed,TRUE,TRUE,,,,METLF,,,,,,,,,,,,,,
MHP01,Metro Health Plan,TRUE,TRUE,TRUE,RT Detailed,TRUE,TRUE,,,,DD-MN,,,,,,,,,,,,,,
CX083,MGM Resorts International,TRUE,TRUE,TRUE,RT DETAILED,FALSE,FALSE,,,,LIBTY,,,,,,,,,,,,,,
A1432,Michigan Laborers Health Care Fund,TRUE,TRUE,TRUE,RT Detailed,TRUE,TRUE,,,,DD-MI,,,,,,,,,,,,,,
A1404,Michigan State Painters,,FALSE,FALSE,FALSE,RT General,FALSE,FALSE,,,,,,,,,,,,,,,,,
MW150,Midwest Operating Engineers Health And Welfare,TRUE,TRUE,TRUE,RT Detailed,TRUE,TRUE,,,,DD-IL,,,,,,,,,,,,,,
A1402,Millwrights Local 1102,,FALSE,FALSE,FALSE,RT General,FALSE,FALSE,,,,,,,,,,,,,,,,,
64088,Mississippi Select Healthcare,,FALSE,FALSE,FALSE,RT General,FALSE,FALSE,,,,,,,,,,,,,,,,,
7275,Missoula County Medical Benefits Plan,,FALSE,FALSE,FALSE,RT General,FALSE,FALSE,,,,,,,,,,,,,,,,,
SKYGN,Molina Healthcare,TRUE,TRUE,TRUE,RT Detailed,TRUE,TRUE,,,,SCIO1,,,,,,,,,,,,,,
CX083,Molina Healthcare (Administered By Liberty),TRUE,TRUE,TRUE,RT DETAILED,FALSE,FALSE,,,,LIBTY,,,,,,,,,,,,,,
31415,Momentum Insurance Plan,,FALSE,FALSE,FALSE,RT General,FALSE,FALSE,,,,,,,,,,,,,,,,,
MGDBP,Moonlight Graham - Dental Benefits Plan,,FALSE,FALSE,FALSE,RT General,FALSE,FALSE,,,,,,,,,,,,,,,,,
34192,Mutual Health Services,TRUE,TRUE,TRUE,RT Detailed,TRUE,TRUE,,,,,,,,,,,,,,,,,,
CX087,Mutual of Omaha,TRUE,TRUE,TRUE,RT Detailed,TRUE,TRUE,,,,OMAHA,,,,,,,,,,,,,,
TLX30,MVP Select Care,TRUE,TRUE,TRUE,RT General,FALSE,FALSE,,,,,,,,,,,,,,,,,,
16228,National Asbestos Medical Fund,,FALSE,FALSE,FALSE,RT General,FALSE,FALSE,,,,,,,,,,,,,,,,,
TLX23,National Automatic Sprinkler Industry,TRUE,TRUE,TRUE,RT Detailed,TRUE,TRUE,,,,DD-CA,,,,,,,,,,,,,,
CX057,National Pacific of Texas (NCFLEX),TRUE,TRUE,TRUE,RT Detailed,TRUE,TRUE,,,,,,,,,,,,,,,,,,
52120,National Telecommunications Coop,TRUE,TRUE,TRUE,RT Detailed,TRUE,TRUE,,,,DBENP,,,,,,,,,,,,,,
TLX64,INCAS,,FALSE,FALSE,FALSE,RT General,FALSE,FALSE,,,,,,,,,,,,,,,,,
75190,INCAS,,FALSE,FALSE,FALSE,RT General,FALSE,FALSE,,,,,,,,,,,,,,,,,
NDB01,Nevada Dental Benefits,,FALSE,FALSE,FALSE,RT General,FALSE,FALSE,,,,DOMUS,,,,,,,,,,,,,
43351,New England Dental Administrators,,FALSE,FALSE,FALSE,RT General,FALSE,FALSE,,,,,,,,,,,,,,,,,
66893,New England Financial,,FALSE,FALSE,FALSE,RT General,FALSE,FALSE,,,,,,,,,,,,,,,,,
TFQ30,Newman Company,,FALSE,FALSE,FALSE,RT General,FALSE,FALSE,,,,,,,,,,,,,,,,,
TLY55,North Carolina Health Choice,,FALSE,FALSE,FALSE,RT General,FALSE,FALSE,,,,,,,,,,,,,,,,,
47570,North Star Administrators,TRUE,TRUE,TRUE,RT Detailed,TRUE,TRUE,,,,,,,,,,,,,,,,,,
TLW42,Northern California Pipe Trades Trust,TRUE,TRUE,TRUE,RT Detailed,TRUE,TRUE,,,,BC-WA,,,,,,,,,,,,,,
LX062,Northern MN Dental Inc,,FALSE,FALSE,FALSE,RT General,FALSE,FALSE,,,,,,,,,,,,,,,,,
91060,Northwest Administrators,TRUE,TRUE,TRUE,RT General,FALSE,FALSE,,,,NWA01,,,,,,,,,,,,,,
93525,Northwest Dental Services,TRUE,TRUE,TRUE,RT General,FALSE,TRUE,,,,DD-CA,,,,,,,,,,,,,,
16644,Nova Healthcare Administrators Inc,,FALSE,FALSE,FALSE,RT General,FALSE,FALSE,,,,,,,,,,,,,,,,,
GP133,OH/Uhc Dental Government Programs,TRUE,TRUE,TRUE,RT General,FALSE,FALSE,,,,,,,,,,,,,,,,,,
CX083,Ohana Health Plan,TRUE,TRUE,TRUE,RT DETAILED,FALSE,FALSE,,,,LIBTY,,,,,,,,,,,,,,
OEL12,Operating Engineers Local 12,,FALSE,FALSE,FALSE,RT General,FALSE,FALSE,,,,OPER1,,,,,,,,,,,,,
VACCN,Optum Serve - VACCN,,FALSE,FALSE,FALSE,RT General,FALSE,FALSE,,,,,,,,,,,,,,,,,
CX083,Ozark Health Plan,TRUE,TRUE,TRUE,RT DETAILED,FALSE,FALSE,,,,LIBTY,,,,,,,,,,,,,,
87068,P5 Electronic Health Services,,FALSE,FALSE,FALSE,RT General,FALSE,FALSE,,,,,,,,,,,,,,,,,
TLW59,Pacific Dental Benefits - California,TRUE,TRUE,TRUE,RT Detailed,TRUE,TRUE,,,,DBENP,,,,,,,,,,,,,,
TLW58,Pacific Dental Benefits - Nevada,TRUE,TRUE,TRUE,RT Detailed,TRUE,TRUE,,,,DBENP,,,,,,,,,,,,,,
AH001,Pacific Health Alliance,,FALSE,FALSE,FALSE,RT General,FALSE,FALSE,,,,,,,,,,,,,,,,,
PACLF,Pacific Life,,FALSE,FALSE,FALSE,RT General,FALSE,FALSE,,,,,,,,,,,,,,,,,
47199,Pacific Southwest Administrators (PSWA),TRUE,TRUE,TRUE,RT Detailed,TRUE,TRUE,,,,,,,,,,,,,,,,,,
CX056,Pacific Union (CA),TRUE,TRUE,TRUE,RT Detailed,TRUE,TRUE,,,,,,,,,,,,,,,,,,
CX053,Pacificare Dental & Vision Plan,TRUE,TRUE,TRUE,RT Detailed,TRUE,TRUE,,,,DBENP,,,,,,,,,,,,,,
CX060,Pacificare Dental & Vision Plan,TRUE,TRUE,TRUE,RT Detailed,TRUE,TRUE,,,,DBENP,,,,,,,,,,,,,,
93029,Pacificsource Health Plans,TRUE,TRUE,TRUE,RT Detailed,TRUE,TRUE,,,,DBENP,,,,,,,,,,,,,,
CX083,Palms Casino Resport,TRUE,TRUE,TRUE,RT DETAILED,FALSE,FALSE,,,,LIBTY,,,,,,,,,,,,,,
35162,Parkview Signature Care,,FALSE,FALSE,FALSE,RT General,FALSE,FALSE,,,,PACHP,,,,,,,,,,,,,
23213,Partners Health Plan,,FALSE,FALSE,FALSE,RT General,FALSE,FALSE,,,,,,,,,,,,,,,,,
25172,Path Administrators,,FALSE,FALSE,FALSE,RT General,FALSE,FALSE,,,,,,,,,,,,,,,,,
10525,Patient Advocates lic,,FALSE,FALSE,FALSE,RT General,FALSE,FALSE,,,,,,,,,,,,,,,,,
60054,Pdo (Preferred Dental Organization),TRUE,TRUE,TRUE,RT Detailed,TRUE,TRUE,,,,ΑΕΤΝΑ,,,,,,,,,,,,,,
27034,Peak Tpa,TRUE,TRUE,TRUE,RT Detailed,TRUE,TRUE,,,,,,,,,,,,,,,,,,
TLX74,Personal Choice,TRUE,TRUE,TRUE,RT General,FALSE,FALSE,,,,,,,,,,,,,,,,,,
CX068,Physicians Mutual,TRUE,TRUE,TRUE,RT Detailed,TRUE,TRUE,,,,AMERI,,,,,,,,,,,,,,
CX083,Physicians United Plan - PUP,TRUE,TRUE,TRUE,RT DETAILED,FALSE,FALSE,,,,LIBTY,,,,,,,,,,,,,,
PIP01,Pipefitters Local 597 Welfare Fund,TRUE,TRUE,TRUE,RT Detailed,TRUE,TRUE,,,,,,,,,,,,,,,,,,
PIBF,Pipeline Industry Benefit Fund,,FALSE,FALSE,FALSE,RT General,FALSE,FALSE,,,,,,,,,,,,,,,,,
37287,Planned Administrators Inc,,FALSE,FALSE,FALSE,RT General,FALSE,FALSE,,,,,,,,,,,,,,,,,
CKGA3,Peach Care of Kids (GA),TRUE,TRUE,TRUE,RT Detailed,TRUE,TRUE,,,,AMERI,,,,,,,,,,,,,,
TFQ65,PEHP (Public Employee Health Plan) (UT),TRUE,TRUE,TRUE,RT DETAILED,FALSE,FALSE,,,,,,,,,,,,,,,,,,
PCM01,Plasterers & Cement Masons Health & Welfare Fund,,FALSE,FALSE,FALSE,RT General,FALSE,FALSE,,,,,,,,,,,,,,,,,
16295,Plumbers & Fitters Local 295,,FALSE,FALSE,FALSE,RT General,FALSE,FALSE,,,,,,,,,,,,,,,,,
33450,Plumbers And Pipefitters - Local 123,,FALSE,FALSE,FALSE,RT General,FALSE,FALSE,,,,,,,,,,,,,,,,,
PLU68,Plumbers And Pipefitters - Local 68,,FALSE,FALSE,FALSE,RT General,FALSE,FALSE,,,,,,,,,,,,,,,,,
33496,Plumbers And Pipefitters - Local 803,,FALSE,FALSE,FALSE,RT General,FALSE,FALSE,,,,,,,,,,,,,,,,,
BYH00,Plumbers and Pipefitters Local 94,,FALSE,FALSE,FALSE,RT General,FALSE,FALSE,,,,,,,,,,,,,,,,,
PCU01,Point Comfort Underwriters,,FALSE,FALSE,FALSE,RT General,FALSE,FALSE,,,,,,,,,,,,,,,,,
P3201,Point23 Health,,FALSE,FALSE,FALSE,RT General,FALSE,FALSE,,,,DOMUS,,,,,,,,,,,,,
36373,Prairie States,,FALSE,FALSE,FALSE,RT General,FALSE,FALSE,,,,,,,,,,,,,,,,,
60338,Preferred Administrators,,FALSE,FALSE,FALSE,RT General,FALSE,FALSE,,,,,,,,,,,,,,,,,
TFQ28,Preferred Health Plan (KY),,FALSE,FALSE,FALSE,RT General,FALSE,FALSE,,,,,,,,,,,,,,,,,
31478,Preferred Health Professionals,,FALSE,FALSE,FALSE,RT General,FALSE,FALSE,,,,,,,,,,,,,,,,,
41147,Preferred One,TRUE,TRUE,TRUE,RT General,FALSE,FALSE,,,,,,,,,,,,,,,,,,
47570,Premera Blue Cross,,FALSE,FALSE,FALSE,RT General,FALSE,FALSE,,,,BC-WA,,,,,,,,,,,,,
CX078,Premier Access,,FALSE,FALSE,FALSE,RT General,FALSE,FALSE,,,,,,,,,,,,,,,,,
CX029,Premier Dental Group,,FALSE,FALSE,FALSE,RT General,FALSE,FALSE,,,,PREML,,,,,,,,,,,,,
PCA01,Primecare Administrators Inc,,FALSE,FALSE,FALSE,RT General,FALSE,FALSE,,,,,,,,,,,,,,,,,
PCD01,Primecare Dental Plan,,FALSE,FALSE,FALSE,RT General,FALSE,FALSE,,,,PPDGO,,,,,,,,,,,,,
LX049,Primewest Health,TRUE,TRUE,TRUE,RT General,FALSE,FALSE,,,,,,,,,,,,,,,,,,
61271,Principal Financial Group,TRUE,TRUE,TRUE,RT Detailed,TRUE,TRUE,,,,PRINC,,,,,,,,,,,,,,
61271,Principal Life Insurance Co,TRUE,TRUE,TRUE,RT Detailed,TRUE,TRUE,,,,PRINC,,,,,,,,,,,,,,
38217,Priority Health,,FALSE,FALSE,FALSE,RT General,FALSE,FALSE,,,,,,,,,,,,,,,,,
87065,Prodegi,,FALSE,FALSE,FALSE,RT General,FALSE,FALSE,,,,,,,,,,,,,,,,,
88022,Prominence Administrative Services,,FALSE,FALSE,FALSE,RT General,FALSE,FALSE,,,,,,,,,,,,,,,,,
77260,Providence PACE Dental (CA OR & WA),,FALSE,FALSE,FALSE,RT General,FALSE,FALSE,,,,,,,,,,,,,,,,,
68195,Provident Life & Accident Insurance Company of America,TRUE,TRUE,TRUE,RT Detailed,TRUE,TRUE,,Paper remittances turned off it TRUE,PROV1,,,,,,,,,,,,,,,
60054,Prudential For Health,TRUE,TRUE,TRUE,RT Detailed,TRUE,TRUE,,,,ΑΕΤΝΑ,,,,,,,,,,,,,,
60054,Prudential Healthcare & Life Ins. Co of America,TRUE,TRUE,TRUE,RT Detailed,TRUE,TRUE,,,,ΑΕΤΝΑ,,,,,,,,,,,,,,
60054,Prudential Healthcare Health Maintenance Organization,TRUE,TRUE,TRUE,RT Detailed,TRUE,TRUE,,,,ΑΕΤΝΑ,,,,,,,,,,,,,,
60054,Prudential Healthcare Hmo For Small Business,TRUE,TRUE,TRUE,RT Detailed,TRUE,TRUE,,,,ΑΕΤΝΑ,,,,,,,,,,,,,,
60054,Prudential Healthcare of America Inc.,TRUE,TRUE,TRUE,RT Detailed,TRUE,TRUE,,,,ΑΕΤΝΑ,,,,,,,,,,,,,,
60054,Prudential Healthcare Pos For Small Business,TRUE,TRUE,TRUE,RT Detailed,TRUE,TRUE,,,,ΑΕΤΝΑ,,,,,,,,,,,,,,
60054,Prudential Healthcare Ppo For Small Business,TRUE,TRUE,TRUE,RT Detailed,TRUE,TRUE,,,,ΑΕΤΝΑ,,,,,,,,,,,,,,
39180,Quartz,,FALSE,FALSE,FALSE,RT General,FALSE,FALSE,,,,,,,,,,,,,,,,,
54259,Redwood Health Services,,FALSE,FALSE,FALSE,RT General,FALSE,FALSE,,,,,,,,,,,,,,,,,
47076,Regional Care Inc,,FALSE,FALSE,FALSE,RT General,FALSE,FALSE,,,,,,,,,,,,,,,,,
36088,Reliance Standard Life,TRUE,TRUE,TRUE,RT Detailed,TRUE,TRUE,,,,AMERI,,,,,,,,,,,,,,
80314,Reliastar (CA),TRUE,TRUE,TRUE,RT General,FALSE,FALSE,,,,WLPNT,,,,,,,,,,,,,,
RLHA1,Renaissance Life And Health,,FALSE,FALSE,FALSE,RT General,FALSE,FALSE,,,,,,,,,,,,,,,,,
66456,Resource One,,FALSE,FALSE,FALSE,RT General,FALSE,FALSE,,,,,,,,,,,,,,,,,
41625,Rochester Public Schools,,FALSE,FALSE,FALSE,RT General,FALSE,FALSE,,,,,,,,,,,,,,,,,
CX083,Rocky Mntn Hospital & Medical Srvc -Osb High & High,TRUE,TRUE,TRUE,RT DETAILED,FALSE,FALSE,,,,LIBTY,,,,,,,,,,,,,,
CX030,Safeguard,,FALSE,FALSE,FALSE,RT General,FALSE,FALSE,,,,,,,,,,,,,,,,,
U8053,Samera Health,,FALSE,FALSE,FALSE,RT General,FALSE,FALSE,,,,,,,,,,,,,,,,,
CX083,Sands Bethworks Gaming,TRUE,TRUE,TRUE,RT DETAILED,FALSE,FALSE,,,,LIBTY,,,,,,,,,,,,,,
CX083,Santa Clara Family Health Plan,TRUE,TRUE,TRUE,RT DETAILED,FALSE,FALSE,,,,LIBTY,,,,,,,,,,,,,,
SCION,Scion Dental,TRUE,TRUE,TRUE,RT Detailed,TRUE,TRUE,,,,SCION,,,,,,,,,,,,,,
SDCOM,Scion Dental Commercial,TRUE,TRUE,TRUE,RT Detailed,TRUE,TRUE,,,,DPLAN,,,,,,,,,,,,,,
86057,Secure Care Dental,,FALSE,FALSE,FALSE,RT General,FALSE,FALSE,,,,,,,,,,,,,,,,,
42561,Secure Health Plans,,FALSE,FALSE,FALSE,RT General,FALSE,FALSE,,,,,,,,,,,,,,,,,
35202,Security Administrative Services,,FALSE,FALSE,FALSE,RT General,FALSE,FALSE,,,,,,,,,,,,,,,,,
39045,Security Health,TRUE,TRUE,TRUE,RT Detailed,TRUE,TRUE,,,,AMERI,,,,,,,,,,,,,,
TLX77,Security Life Insurance Co of America,,FALSE,FALSE,FALSE,RT General,FALSE,FALSE,,,,,,,,,,,,,,,,,
64088,Select Administrative Services,,FALSE,FALSE,FALSE,RT General,FALSE,FALSE,,,,,,,,,,,,,,,,,
TPC17,Select Health,TRUE,TRUE,TRUE,RT Detailed,TRUE,TRUE,,,,,,,,,,,,,,,,,,
CX109,Seledent PPO,,FALSE,FALSE,FALSE,RT General,FALSE,FALSE,,,,,,,,,,,,,,,,,
78702,Seminole Tribe of FL,,FALSE,FALSE,FALSE,RT General,FALSE,FALSE,,,,,,,,,,,,,,,,,
VACMS,Sentara Health Plans,,FALSE,FALSE,FALSE,RT General,FALSE,FALSE,,,,,,,,,,,,,,,,,
SHMS1,Shared Health of MS,,FALSE,FALSE,FALSE,RT General,FALSE,FALSE,,,,,,,,,,,,,,,,,
TLW25,Shasta Administrative Services,,FALSE,FALSE,FALSE,RT General,FALSE,FALSE,,,,,,,,,,,,,,,,,
SMW01,Sheet Metal Workers - Local 91,,FALSE,FALSE,FALSE,RT General,FALSE,FALSE,,,,,,,,,,,,,,,,,
76342,Sierra Health Services,,FALSE,FALSE,FALSE,RT General,FALSE,FALSE,,,,,,,,,,,,,,,,,
TLY60,SIHO,,FALSE,FALSE,FALSE,RT General,FALSE,FALSE,,,,,,,,,,,,,,,,,
76578,Solstic Benefits Inc,,FALSE,FALSE,FALSE,RT General,FALSE,FALSE,,,,SOLST,,,,,,,,,,,,,
TPC11,South Carolina Healthy Connections,TRUE,TRUE,TRUE,RT Detailed,TRUE,TRUE,,,,DORAL,,,,,,,,,,,,,,
SE101,Southeastern Service Employee International Union,,FALSE,FALSE,FALSE,RT General,FALSE,FALSE,,,,,,,,,,,,,,,,,
26374,Southland Benefit Solutions,,FALSE,FALSE,FALSE,RT General,FALSE,FALSE,,,,,,,,,,,,,,,,,
60054,Southwestern Bell,TRUE,TRUE,TRUE,RT Detailed,TRUE,TRUE,,,,ΑΕΤΝΑ,,,,,,,,,,,,,,
60054,Southwestern Bell Exec. Custom Care,TRUE,TRUE,TRUE,RT Detailed,TRUE,TRUE,,,,ΑΕΤΝΑ,,,,,,,,,,,,,,
60054,Southwestern Bell Exec. Southwestern Bell,TRUE,TRUE,TRUE,RT Detailed,TRUE,TRUE,,,,ΑΕΤΝΑ,,,,,,,,,,,,,,
DSC01,Spraying Systems Co,,FALSE,FALSE,FALSE,RT General,FALSE,FALSE,,,,,,,,,,,,,,,,,
89009,Standard Insurance Company of New York,TRUE,TRUE,TRUE,RT Detailed,TRUE,TRUE,,,,AMERI,,,,,,,,,,,,,,
69019,Standard Insurance Company of Oregon,TRUE,TRUE,TRUE,RT Detailed,TRUE,TRUE,,,,AMERI,,,,,,,,,,,,,,
24140,Starmed Claims,,FALSE,FALSE,FALSE,RT General,FALSE,FALSE,,,,,,,,,,,,,,,,,
STR01,Starmount Life Insurance Co,,FALSE,FALSE,FALSE,RT General,FALSE,FALSE,,,,UNUM1,,,,,,,,,,,,,
6089,Stirling & Stirling,,FALSE,FALSE,FALSE,RT General,FALSE,FALSE,,,,,,,,,,,,,,,,,
68381,Student Insurance - Boston Mutual Life Insurance Company,,FALSE,FALSE,FALSE,RT General,FALSE,FALSE,,,,,,,,,,,,,,,,,
68381,Student Insurance - Mega Life & Health Insurance Company,,FALSE,FALSE,FALSE,RT General,FALSE,FALSE,,,,,,,,,,,,,,,,,
68381,Student Insurance - Mid-West National Life Ins Co of Tenn,,FALSE,FALSE,FALSE,RT General,FALSE,FALSE,,,,,,,,,,,,,,,,,
68381,Student Insurance - Reliance Insurance Company,,FALSE,FALSE,FALSE,RT General,FALSE,FALSE,,,,,,,,,,,,,,,,,
95202,Summacare,,FALSE,FALSE,FALSE,RT General,FALSE,FALSE,,,,,,,,,,,,,,,,,
86083,Summit Administration Serivces Inc,,FALSE,FALSE,FALSE,RT General,FALSE,FALSE,,,,,,,,,,,,,,,,,
67814,Sun Life And Health Ins Co,TRUE,TRUE,TRUE,RT Detailed,TRUE,TRUE,,,,FORTI,,,,,,,,,,,,,,
70408,Sun Life Financial,TRUE,TRUE,TRUE,RT Detailed,TRUE,TRUE,,,,FORTI,,,,,,,,,,,,,,
31117,Superior Dental Care,TRUE,TRUE,TRUE,RT Detailed,TRUE,TRUE,,,,,,,,,,,,,,,,,,
TL301,Teamsters Local 301,,FALSE,FALSE,FALSE,RT General,FALSE,FALSE,,,,,,,,,,,,,,,,,
BYQ00,Teamsters Local 377,,FALSE,FALSE,FALSE,RT General,FALSE,FALSE,,,,,,,,,,,,,,,,,
74227,The Chesapeake Life Insurance Company - Student Insurance,,FALSE,FALSE,FALSE,RT General,FALSE,FALSE,,,,,,,,,,,,,,,,,
73288,The Dental Companies,TRUE,TRUE,TRUE,RT Detailed,TRUE,TRUE,,,,HUMAN,,,,,,,,,,,,,,
73288,The Dental Concern,TRUE,TRUE,TRUE,RT Detailed,TRUE,TRUE,,,,HUMAN,,,,,,,,,,,,,,
TDN01,The Dental Network of Maryland,TRUE,TRUE,TRUE,RT Detailed,TRUE,TRUE,,,,CARE1,,,,,,,,,,,,,,
TDN02,The Dental Network of Maryland,TRUE,TRUE,TRUE,RT Detailed,TRUE,TRUE,,,,CARE1,,,,,,,,,,,,,,
TLW10,The Loomis Company,,FALSE,FALSE,FALSE,RT General,FALSE,FALSE,,,,,,,,,,,,,,,,,
TIC01,TIC International Inc,,FALSE,FALSE,FALSE,RT General,FALSE,FALSE,,,,,,,,,,,,,,,,,
TLY79,TLC Benefit Solutions Inc,,FALSE,FALSE,FALSE,RT General,FALSE,FALSE,,,,,,,,,,,,,,,,,
TLY35,Total Dental Administrators,,FALSE,FALSE,FALSE,RT General,FALSE,FALSE,,,,,,,,,,,,,,,,,
TLY36,Total Dental Administrators - UT,,FALSE,FALSE,FALSE,RT General,FALSE,FALSE,,,,,,,,,,,,,,,,,
65978,Travelers (Now Metlife),,FALSE,FALSE,FALSE,RT General,FALSE,FALSE,,,,METLE,,,,,,,,,,,,,
CX002,Tricare Dental Plan (UCCI),TRUE,TRUE,TRUE,RT Detailed,TRUE,TRUE,,,,UCCI1,,,,,,,,,,,,,,
CDCA1,Tricare Retiree Dental,,FALSE,FALSE,FALSE,RT General,FALSE,TRUE,,,,DD-MI,,,,,,,,,,,,,
TRNPC,Trinity Health Pace,,FALSE,FALSE,FALSE,RT General,FALSE,FALSE,,,,,,,,,,,,,,,,,
ILDTA,Truassure Insurance Co,,FALSE,FALSE,FALSE,RT General,FALSE,FALSE,,,,TA-IC,,,,,,,,,,,,,
62344,Tuckpointers Welfare Local 52,,FALSE,FALSE,FALSE,RT General,FALSE,FALSE,,,,,,,,,,,,,,,,,
TFQ75,UCHealth Plan Administrators,,FALSE,FALSE,FALSE,RT General,FALSE,FALSE,,,,,,,,,,,,,,,,,
UFC02,UFCW - Local 880,,FALSE,,,,,,,,,,,,,,,,,,,,,,
47171,Blue Cross Blue Shield of Kansas City,,FALSE,FALSE,FALSE,RT General,FALSE,FALSE,,,,,,,,,,,,,,,,,
BKC01,Blue Cross Blue Shield of Kansas City - Medicare (Dominion),,FALSE,FALSE,FALSE,RT General,FALSE,FALSE,,DOMUS,,,,,,,,,,,,,,,
84105,Blue Cross Blue Shield of Kentucky (Anthem),TRUE,TRUE,TRUE,RT Detailed,TRUE,TRUE,,,,WLPNT,,,,,,,,,,,,,,
TLU90,Blue Cross Blue Shield of Kentucky (FEP),TRUE,TRUE,TRUE,RT Detailed,TRUE,TRUE,,,,WLPNT,,,,,,,,,,,,,,
23739,Blue Cross Blue Shield of Louisiana,,FALSE,FALSE,FALSE,RT General,FALSE,FALSE,,,,,,,,,,,,,,,,,
BME01,Blue Cross Blue Shield of Maine,TRUE,TRUE,TRUE,RT Detailed,TRUE,TRUE,,,,WLPNT,,,,,,,,,,,,,,
580,Blue Cross Blue Shield of Maryland / Carefirst,TRUE,TRUE,TRUE,RT Detailed,TRUE,TRUE,,Can also use Payer ID TLX85,CARE1,,,,,,,,,,,,,,,
CBMA1,Blue Cross Blue Shield of Massachusetts,TRUE,TRUE,TRUE,RT Detailed,TRUE,TRUE,,,,BC-MA,,,,,,,,,,,,,,
BCBSM,Blue Cross Blue Shield of Michigan,TRUE,TRUE,TRUE,RT Detailed,TRUE,TRUE,,,,DORAL,,,,,,,,,,,,,,
CBMI1,Blue Cross Blue Shield of Michigan Federal,,FALSE,FALSE,FALSE,RT General,FALSE,FALSE,,,,,,,,,,,,,,,,,
BBMDQ,Blue Cross Blue Shield of Michigan/ Medicare Advantage,TRUE,TRUE,TRUE,RT Detailed,TRUE,TRUE,,,,DORAL,,,,,,,,,,,,,,
BXMNI,Blue Cross Blue Shield of Minnesota,TRUE,TRUE,TRUE,RT Detailed,TRUE,TRUE,,,,UCC11,,,,,,,,,,,,,,
TLU22,Blue Cross Blue Shield of Minnesota (FEP),TRUE,TRUE,TRUE,RT Detailed,TRUE,TRUE,,,,UCCI1,,,,,,,,,,,,,,
TBS01,Blue Cross Blue Shield of Mississippi,,FALSE,FALSE,FALSE,RT General,FALSE,FALSE,,,,,,,,,,,,,,,,,
TBS03,Blue Cross Blue Shield of Mississippi (Chip Claims Only),TRUE,TRUE,TRUE,RT Detailed,TRUE,TRUE,,,,DBENP,,,,,,,,,,,,,,
TLX52,Blue Cross Blue Shield of Missouri,TRUE,TRUE,TRUE,RT Detailed,TRUE,TRUE,,,,WLPNT,,,,,,,,,,,,,,
TLU06,Blue Cross Blue Shield of Montana,,FALSE,FALSE,FALSE,RT General,FALSE,FALSE,,,,WLPNT,,,,,,,,,,,,,
CBNE1,Blue Cross Blue Shield of Nebraska,,FALSE,FALSE,FALSE,RT General,FALSE,FALSE,,,,,,,,,,,,,,,,,
84101,Blue Cross Blue Shield of Nevada,TRUE,TRUE,TRUE,RT Detailed,TRUE,TRUE,,,,WLPNT,,,,,,,,,,,,,,
BNH01,Blue Cross Blue Shield of New Hampshire,TRUE,TRUE,TRUE,RT Detailed,TRUE,TRUE,,,,WLPNT,,,,,,,,,,,,,,
84100,Blue Cross Blue Shield of New Mexico,TRUE,TRUE,TRUE,RT General,FALSE,FALSE,,,,WLPNT,,,,,,,,,,,,,,
55093,Blue Cross Blue Shield of New York (Empire),TRUE,TRUE,TRUE,RT Detailed,TRUE,TRUE,,,,DCARE,,,,,,,,,,,,,,
22099,Blue Cross Blue Shield of Nj (Horizon),TRUE,TRUE,TRUE,RT Detailed,FALSE,TRUE,,,,HORZN,,,,,,,,,,,,,,
HZFEP,Blue Cross Blue Shield of Nj (Horizon) - FEP,TRUE,TRUE,TRUE,RT Detailed,FALSE,TRUE,,,,HORZN,,,,,,,,,,,,,,
61473,Blue Cross Blue Shield of North Carolina,,FALSE,FALSE,FALSE,RT General,FALSE,FALSE,,,,BC-NC,,,,,,,,,,,,,
61472,Blue Cross Blue Shield of North Carolina - Federal,,FALSE,FALSE,FALSE,RT General,FALSE,FALSE,,,,,,,,,,,,,,,,,
61474,Blue Cross Blue Shield of North Carolina Select,,FALSE,FALSE,FALSE,RT General,FALSE,FALSE,,,,BC-NC,,,,,,,,,,,,,
84105,Blue Cross Blue Shield of Ohio (Anthem),TRUE,TRUE,TRUE,RT Detailed,TRUE,TRUE,,,,,,,,,,,,,,,,,,
TLU91,Blue Cross Blue Shield of Ohio (FEP),TRUE,TRUE,TRUE,RT Detailed,TRUE,TRUE,,,,,,,,,,,,,,,,,,
TBOK1,Blue Cross Blue Shield of Oklahoma,TRUE,TRUE,TRUE,RT General,FALSE,FALSE,,,,WLPNT,,,,,,,,,,,,,,
CB850,Blue Cross Blue Shield of Oregon (Regence),TRUE,TRUE,TRUE,RT Detailed,TRUE,TRUE,,,,,,,,,,,,,,,,,,
CB870,Blue Cross Blue Shield of Rhode Island,TRUE,TRUE,TRUE,RT Detailed,TRUE,TRUE,,,,UCCI1,,,,,,,,,,,,,,
RIFEP,Blue Cross Blue Shield of Rhode Island - Federal,,FALSE,FALSE,FALSE,RT General,FALSE,FALSE,,,,,,,,,,,,,,,,,
EXC02,Blue Cross Blue Shield of Rochester (Excellus),TRUE,TRUE,TRUE,RT Detailed,TRUE,TRUE,,In-State providers only,EXCEL,,,,,,,,,,,,,,,
EXC01,Blue Cross Blue Shield of Rochester (Excellus),TRUE,TRUE,TRUE,RT Detailed,TRUE,TRUE,,Central NY,Syracuse,Utica,EXCEL,,,,,,,,,,,,,
38520,Blue Cross Blue Shield of South Carolina,,FALSE,FALSE,FALSE,RT General,FALSE,FALSE,,,,BCSC1,,,,,,,,,,,,,
TLY09,Blue Cross Blue Shield of South Dakota,,FALSE,FALSE,FALSE,RT General,FALSE,FALSE,,,,,,,,,,,,,,,,,
CBTN1,Blue Cross Blue Shield of Tennessee,TRUE,TRUE,TRUE,RT General,FALSE,FALSE,,,,BB-TN,,,,,,,,,,,,,,
84980,Blue Cross Blue Shield of Texas,TRUE,TRUE,TRUE,RT General,FALSE,FALSE,,,,WLPNT,,,,,,,,,,,,,,
TFQ77,Blue Cross Blue Shield of Utah - Federal (Regence),TRUE,TRUE,TRUE,RT General,FALSE,FALSE,,,,,,,,,,,,,,,,,,
TLU43,Blue Cross Blue Shield of Utah (Regence),TRUE,TRUE,TRUE,RT Detailed,TRUE,TRUE,,,,WLPNT,,,,,,,,,,,,,,
84103,Blue Cross Blue Shield of Virginia (Trigon),TRUE,TRUE,TRUE,RT Detailed,TRUE,TRUE,,,,WLPNT,,,,,,,,,,,,,,
47570,Blue Cross Blue Shield of Washington,TRUE,TRUE,TRUE,RT Detailed,TRUE,TRUE,,,,BC-WA,,,,,,,,,,,,,,
84103,Blue Cross Blue Shield of Virginia (Trigon),TRUE,TRUE,TRUE,RT Detailed,TRUE,TRUE,,,,,,,,,,,,,,,,,,
TLY47,Blue Cross Blue Shield of Washington DC,TRUE,TRUE,TRUE,RT Detailed,TRUE,TRUE,,,,,,,,,,,,,,,,,,
93200,Blue Cross Blue Shield of Washington (Regence),TRUE,TRUE,TRUE,RT Detailed,TRUE,TRUE,,,,CAREI,,,,,,,,,,,,,,
301,Blue Cross Blue Shield of Western New York,TRUE,TRUE,TRUE,RT Detailed,TRUE,TRUE,,,,,,,,,,,,,,,,,,
39141,Blue Cross Blue Shield of Wisconsin,TRUE,TRUE,TRUE,RT Detailed,TRUE,TRUE,,,,UCCI1,,,,,,,,,,,,,,
CX083,Blue Cross Blue Shield of Wisconsin - PPOD,TRUE,TRUE,TRUE,RT DETAILED,FALSE,FALSE,,,,LIBTY,,,,,,,,,,,,,,
TLX12,Blue Cross Blue Shield of Wyoming,TRUE,TRUE,TRUE,RT Detailed,TRUE,TRUE,,,,UCCI1,,,,,,,,,,,,,,
BCD01,Blue Cross Dental,,FALSE,FALSE,FALSE,RT General,FALSE,FALSE,,,,DOMUS,,,,,,,,,,,,,
CBID1,Blue Cross Idaho,,FALSE,FALSE,FALSE,RT General,FALSE,FALSE,,,,BC-ID,,,,,,,,,,,,,
CX004,Blue Cross ND (North Dakota Dental Service),TRUE,TRUE,TRUE,RT Detailed,TRUE,TRUE,,,,UCCI1,,,,,,,,,,,,,,
CX083,Blue Cross of California - OSB High & Low,TRUE,TRUE,TRUE,RT DETAILED,FALSE,FALSE,,,,LIBTY,,,,,,,,,,,,,,
CX083,Blue Cross of California Plan SS10 & SS20,TRUE,TRUE,TRUE,RT DETAILED,FALSE,FALSE,,,,LIBTY,,,,,,,,,,,,,,
CX083,Blue Cross of California - PPOA,TRUE,TRUE,TRUE,RT DETAILED,FALSE,FALSE,,,,LIBTY,,,,,,,,,,,,,,
47198,Blue Cross of California (Wellpoint),TRUE,TRUE,TRUE,RT Detailed,TRUE,TRUE,,,,WLPNT,,,,,,,,,,,,,,
BLUEC,Blue Cross of Idaho Medicare Advantage,,FALSE,FALSE,FALSE,RT General,FALSE,FALSE,,,,BC-ID,,,,,,,,,,,,,
52133,Blue Shield of California,TRUE,TRUE,TRUE,RT Detailed,TRUE,TRUE,,,,DBENP,,,,,,,,,,,,,,
BSCA2,Blue Shield of California - Federal,,FALSE,FALSE,FALSE,RT General,FALSE,FALSE,,,,,,,,,,,,,,,,,
CBID2,Blue Shield of Idaho (Regence),TRUE,TRUE,TRUE,RT Detailed,TRUE,TRUE,,,,,,,,,,,,,,,,,,
800,Blue Shield of Northeast New York,TRUE,TRUE,TRUE,RT Detailed,TRUE,TRUE,,,,UCCI1,,,,,,,,,,,,,,
CB865,Blue Shield of Pennsylvania,TRUE,TRUE,TRUE,RT Detailed,TRUE,TRUE,,,,UCCI1,,,,,,,,,,,,,,
CBPA2,Blue Shield of Pennsylvania - Dental Plus,TRUE,TRUE,TRUE,RT Detailed,TRUE,TRUE,,,,UCCI1,,,,,,,,,,,,,,
36609,Boilermakers National Health And Welfare Fund,,FALSE,FALSE,FALSE,RT General,FALSE,FALSE,,,,,,,,,,,,,,,,,
TLX71,Bollinger Insurance,,FALSE,FALSE,FALSE,RT General,FALSE,FALSE,,,,,,,,,,,,,,,,,
74237,Boon-Chapman Benefit Administrators,TRUE,TRUE,TRUE,RT Detailed,TRUE,TRUE,,,,,,,,,,,,,,,,,,
4210,Boston University Dental Health Plan,,FALSE,FALSE,FALSE,RT General,FALSE,FALSE,,,,BC-MA,,,,,,,,,,,,,
67707,Bps First Health,,FALSE,FALSE,FALSE,RT General,FALSE,FALSE,,,,,,,,,,,,,,,,,
BRKPT,Breckpoint,,FALSE,FALSE,FALSE,RT General,FALSE,FALSE,,,,,,,,,,,,,,,,,
CX028,Bridgeport lic of Missouri,TRUE,TRUE,TRUE,RT Detailed,TRUE,TRUE,,,,DD-MO,,,,,,,,,,,,,,
BRIDG,Bridgespan Health,,FALSE,FALSE,FALSE,RT General,FALSE,FALSE,,,,,,,,,,,,,,,,,
CX032,Brokers National,TRUE,TRUE,TRUE,RT Detailed,TRUE,TRUE,,,,AMERI,,,,,,,,,,,,,,
BYF00,Canton Electric Welfare Fund,,FALSE,FALSE,FALSE,RT General,FALSE,FALSE,,,,,,,,,,,,,,,,,
CX095,Capitol Dental,TRUE,TRUE,TRUE,RT Detailed,TRUE,TRUE,,,,AMERI,,,,,,,,,,,,,,
25916,BSI Companies,,FALSE,FALSE,FALSE,RT General,FALSE,FALSE,,,,,,,,,,,,,,,,,
49984,Business Administrators & Consultants (BAC),TRUE,TRUE,TRUE,RT Detailed,TRUE,TRUE,,,,,,,,,,,,,,,,,,
61301,Businessmen's Assurance (NE),,FALSE,FALSE,FALSE,RT General,FALSE,FALSE,,,,,,,,,,,,,,,,,
42150,Butler Benefits,,FALSE,FALSE,FALSE,RT General,FALSE,FALSE,,,,,,,,,,,,,,,,,
CX083,Cal Optimal - Onecare,TRUE,TRUE,TRUE,RT DETAILED,FALSE,FALSE,,,,LIBTY,,,,,,,,,,,,,,
CBC01,Capital Blue Cross,,FALSE,FALSE,FALSE,RT General,FALSE,FALSE,,,,DOMUS,,,,,,,,,,,,,
CAPHP,Caprock Health Plans,TRUE,TRUE,TRUE,RT General,FALSE,FALSE,,,,,,,,,,,,,,,,,,
CX083,Care1St Health Plan Medicare Advantage,TRUE,TRUE,TRUE,RT DETAILED,FALSE,FALSE,,,,LIBTY,,,,,,,,,,,,,,
CX083,Care1St Php La & San Bernadino County,TRUE,TRUE,TRUE,RT DETAILED,FALSE,FALSE,,,,LIBTY,,,,,,,,,,,,,,
75191,Carefirst Administrators,,FALSE,FALSE,FALSE,RT General,FALSE,FALSE,,,,,,,,,,,,,,,,,
TLY44,Careington Corporation,,FALSE,FALSE,FALSE,RT General,FALSE,FALSE,,,,,,,,,,,,,,,,,
93975,Careoregon,,FALSE,FALSE,FALSE,RT General,FALSE,FALSE,,,,,,,,,,,,,,,,,
GACS1,Caresource - Georgia,TRUE,TRUE,TRUE,RT Detailed,TRUE,TRUE,,,,SCION,,,,,,,,,,,,,,
INCS1,Caresource - Indiana,,FALSE,FALSE,FALSE,RT General,FALSE,FALSE,,,,,,,,,,,,,,,,,
KYCS1,Caresource - Kentucky,,FALSE,FALSE,FALSE,RT General,FALSE,FALSE,,,,,,,,,,,,,,,,,
CKOH2,Caresource - Ohio,,FALSE,FALSE,FALSE,RT General,FALSE,FALSE,,,,,,,,,,,,,,,,,
WVCS1,Caresource - West Virginia,TRUE,TRUE,TRUE,RT Detailed,TRUE,TRUE,,,,DORAL,,,,,,,,,,,,,,
TFQ25,Carpenters Combined Funds,TRUE,TRUE,TRUE,RT Detailed,TRUE,TRUE,,,,UCCII,,,,,,,,,,,,,,
TLW06,Carpenters Health And Welfare Trust Funds,TRUE,TRUE,TRUE,RT Detailed,TRUE,TRUE,,,,DD-MO,,,,,,,,,,,,,,
37060,Caterpillar Inc,TRUE,TRUE,TRUE,RT Detailed,TRUE,TRUE,,,,DBENP,,,,,,,,,,,,,,
34643,Cement Masons Union-I,,FALSE,FALSE,FALSE,RT General,FALSE,FALSE,,,,,,,,,,,,,,,,,
3036,CBA Blue Dental / EMP Benefit Plan Admin,,FALSE,FALSE,FALSE,RT General,FALSE,FALSE,,,,,,,,,,,,,,,,,
TLU51,Central PA Teamsters Health & Welfare Fund,TRUE,TRUE,TRUE,RT Detailed,TRUE,TRUE,,,,DD-CA,,,,,,,,,,,,,,
34097,Central Reserve Life,,FALSE,FALSE,FALSE,RT General,FALSE,FALSE,,,,,,,,,,,,,,,,,
36215,Central States Health And Welfare Fund,,FALSE,FALSE,FALSE,RT General,FALSE,FALSE,,,,CSF01,,,,,,,,,,,,,
34154,Chesterfield Resources Inc,,FALSE,FALSE,FALSE,RT General,FALSE,FALSE,,,,,,,,,,,,,,,,,
TLY40,Chicago Regional Council of Carpenters,TRUE,TRUE,TRUE,RT Detailed,TRUE,TRUE,,,,DD-IL,,,,,,,,,,,,,,
60054,Choice Plus (TRW),TRUE,TRUE,TRUE,RT Detailed,TRUE,TRUE,,,,ΑΕΤΝΑ,,,,,,,,,,,,,,
CHPWA,CHPWA Claims,,FALSE,FALSE,FALSE,RT General,FALSE,FALSE,,,,,,,,,,,,,,,,,
38308,Christian Brothers Services,,FALSE,FALSE,FALSE,RT General,FALSE,FALSE,,,,,,,,,,,,,,,,,
62308,Cigna,TRUE,TRUE,TRUE,RT Detailed,TRUE,TRUE,,Paper remittances turned off if TRUE,PROV1,,,,,,,,,,,,,,,
10050,Cigna (DHMO),TRUE,TRUE,TRUE,RT Detailed,TRUE,TRUE,,Paper remittances turned off if TRUE,PROV1,,,,,,,,,,,,,,,
CGHMO,Cigna Dental (HMO),TRUE,TRUE,TRUE,RT Detailed,TRUE,TRUE,,Paper remittances turned off if TRUE,PROV1,,,,,,,,,,,,,,,
TLU52,Citizens Security Life Insurance Co,,FALSE,FALSE,FALSE,RT General,FALSE,FALSE,,,,,,,,,,,,,,,,,
CAS89,Coastal Administrative Services,,FALSE,FALSE,FALSE,RT General,FALSE,FALSE,,,,,,,,,,,,,,,,,
85493,Coastal Dental Plan,,FALSE,FALSE,FALSE,RT General,FALSE,FALSE,,,,,,,,,,,,,,,,,
TLU53,Combined Insurance Service,,FALSE,FALSE,FALSE,RT General,FALSE,FALSE,,,,,,,,,,,,,,,,,
COM01,Community Care of Oklahoma,TRUE,TRUE,TRUE,RT General,FALSE,FALSE,,,,DOMUS,,,,,,,,,,,,,,
CX083,Community Insurance - HMOA & PPOB,TRUE,TRUE,TRUE,RT DETAILED,FALSE,FALSE,,,,LIBTY,,,,,,,,,,,,,,
CX083,Community Insurance - PPOD & PPOF,TRUE,TRUE,TRUE,RT DETAILED,FALSE,FALSE,,,,LIBTY,,,,,,,,,,,,,,
48005,Companion Life,,FALSE,FALSE,FALSE,RT General,FALSE,FALSE,,,,,,,,,,,,,,,,,
77828,Companion Life,,FALSE,FALSE,FALSE,RT General,FALSE,FALSE,,,,,,,,,,,,,,,,,
CLICA,Companion Life Insurance Company of California (LOB CLIC),,FALSE,FALSE,FALSE,RT General,FALSE,FALSE,,,,,,,,,,,,,,,,,
CX021,Compbenefits,TRUE,TRUE,TRUE,RT Detailed,TRUE,TRUE,,,,HUMAN,,,,,,,,,,,,,,
720,Comprehensive Care Service (CCSTPA),TRUE,TRUE,TRUE,RT Detailed,TRUE,TRUE,,,,UCCI1,,,,,,,,,,,,,,
74234,Compusys - Erisa Group,,FALSE,FALSE,FALSE,RT General,FALSE,FALSE,,,,,,,,,,,,,,,,,
CAS01,Concierge,,FALSE,FALSE,FALSE,RT General,FALSE,FALSE,,,,,,,,,,,,,,,,,
37307,Connecticut Carpenters Health Fund,TRUE,TRUE,TRUE,RT Detailed,TRUE,TRUE,,,,DD-NJ,,,,,,,,,,,,,,
TLU56,Connecticut Carpenters Health Plan,TRUE,TRUE,TRUE,RT Detailed,TRUE,TRUE,,,,DD-NJ,,,,,,,,,,,,,,
62308,Connecticut General (Cigna),TRUE,TRUE,TRUE,RT Detailed,TRUE,TRUE,,Paper remittances turned off if TRUE,PROV1,,,,,,,,,,,,,,,
37135,Consociate Group,,FALSE,FALSE,FALSE,RT General,FALSE,FALSE,,,,,,,,,,,,,,,,,
52132,Cooperative Benefit Administrators,TRUE,TRUE,TRUE,RT Detailed,TRUE,TRUE,,,,DBENP,,,,,,,,,,,,,,
TFQ74,Corefive,,FALSE,FALSE,FALSE,RT General,FALSE,FALSE,,,,,,,,,,,,,,,,,
56116,Corporate Benefit Services Inc,,FALSE,FALSE,FALSE,RT General,FALSE,FALSE,,,,,,,,,,,,,,,,,
PHPMC,Correction Health Partners,,FALSE,FALSE,FALSE,RT General,FALSE,FALSE,,,,,,,,,,,,,,,,,
98477,Cow Creek Band of Umpqua Tribe of Indians (CCBUTI),,FALSE,FALSE,FALSE,RT General,FALSE,FALSE,,,,,,,,,,,,,,,,,
CX054,Csea Employee Benefit Fund,TRUE,TRUE,TRUE,RT General,FALSE,FALSE,,,,CSEA1,,,,,,,,,,,,,,
TFQ58,Custom Design Benefits,,FALSE,FALSE,FALSE,RT General,FALSE,FALSE,,,,,,,,,,,,,,,,,
60054,Customcare (Southwest Bell Execs),TRUE,TRUE,TRUE,RT Detailed,TRUE,TRUE,,,,ΑΕΤΝΑ,,,,,,,,,,,,,,
7689,Cypress Benefit Admin/Lucent Health,,FALSE,FALSE,FALSE,RT General,FALSE,FALSE,,,,,,,,,,,,,,,,,
39199,Cypress Dental,,FALSE,FALSE,FALSE,RT General,FALSE,FALSE,,,,,,,,,,,,,,,,,
TLZ04,Cypress Dental Administrators,,FALSE,FALSE,FALSE,RT General,FALSE,FALSE,,,,DPLAN,,,,,,,,,,,,,
DDS01,DDS Inc,,FALSE,FALSE,FALSE,RT General,FALSE,FALSE,,,,,,,,,,,,,,,,,
94276,Delta Dental - DDIC AL,TRUE,TRUE,TRUE,RT Detailed,TRUE,TRUE,,,,DD-CA,,,,,,,,,,,,,,
TLZ34,Delta Dental Healthy Families,TRUE,TRUE,TRUE,RT Detailed,TRUE,TRUE,,,,DD-CA,,,,,,,,,,,,,,
94276,Delta Dental of Alabama,TRUE,TRUE,TRUE,RT Detailed,TRUE,TRUE,,,,DD-CA,,,,,,,,,,,,,,
CDOR1,Delta Dental of Alaska,TRUE,TRUE,TRUE,RT Detailed,TRUE,FALSE,,,,ODS01,,,,,,,,,,,,,,
86027,Delta Dental of Arizona,TRUE,TRUE,TRUE,RT General,FALSE,TRUE,,,,DD-MI,,,,,,,,,,,,,,
DELAR,Delta Dental of Arkansas,TRUE,TRUE,TRUE,RT Detailed,TRUE,TRUE,,,,DD-MI,,,,,,,,,,,,,,
ARIND,Delta Dental of Arkansas (Individual),TRUE,TRUE,TRUE,RT Detailed,TRUE,TRUE,,,,DD-MI,,,,,,,,,,,,,,
77777,Delta Dental of California,TRUE,TRUE,TRUE,RT Detailed,TRUE,TRUE,,,,DD-CA,,,,,,,,,,,,,,
84056,Delta Dental of Colorado,TRUE,TRUE,TRUE,RT Detailed,TRUE,TRUE,,,,DD-C0,,,,,,,,,,,,,,
22189,Delta Dental of Connecticut,TRUE,TRUE,TRUE,RT Detailed,TRUE,TRUE,,,,DD-NJ,,,,,,,,,,,,,,
51022,Delta Dental of Delaware,TRUE,TRUE,TRUE,RT Detailed,TRUE,TRUE,,,,DD-CA,,,,,,,,,,,,,,
52147,Delta Dental of District of Columbia (DC),TRUE,TRUE,TRUE,RT Detailed,TRUE,TRUE,,,,DD-CA,,,,,,,,,,,,,,
94276,Delta Dental of Florida,TRUE,TRUE,TRUE,RT Detailed,TRUE,TRUE,,,,DD-CA,,,,,,,,,,,,,,
94276,Delta Dental of Georgia,TRUE,TRUE,TRUE,RT Detailed,TRUE,TRUE,,,,DD-CA,,,,,,,,,,,,,,
82029,Delta Dental of Idaho Platinum Batch,TRUE,TRUE,TRUE,RT Detailed,FALSE,TRUE,,,,DD-ID,,,,,,,,,,,,,,
47598,Delta Dental of Illinois (Group Plans),TRUE,TRUE,TRUE,RT Detailed,TRUE,TRUE,,,,DD-IL,,,,,,,,,,,,,,
IDIND,Delta Dental of Illinois (Individual),TRUE,TRUE,TRUE,RT Detailed,TRUE,TRUE,,,,DD-IL,,,,,,,,,,,,,,
DELTI,Delta Dental of Indiana,TRUE,TRUE,TRUE,RT Detailed,TRUE,TRUE,,,,DD-MI,,,,,,,,,,,,,,
CDIA1,Delta Dental of Iowa,TRUE,TRUE,TRUE,RT Detailed,TRUE,TRUE,,,,DD-IA,,,,,,,,,,,,,,
CDIAM,Delta Dental of Iowa - DWP Batch,TRUE,TRUE,TRUE,RT Detailed,TRUE,FALSE,,,,DD-IA,,,,,,,,,,,,,,
CDKS1,Delta Dental of Kansas,TRUE,TRUE,TRUE,RT Detailed,TRUE,TRUE,,,,DD-KS,,,,,,,,,,,,,,
CDKY1,Delta Dental of Kentucky,TRUE,TRUE,TRUE,RT Detailed,TRUE,TRUE,,,,DD-KY,,,,,,,,,,,,,,
94276,Delta Dental of Louisiana,TRUE,TRUE,TRUE,RT Detailed,TRUE,TRUE,,,,DD-CA,,,,,,,,,,,,,,
2027,Delta Dental of Maine,TRUE,TRUE,TRUE,RT Detailed,TRUE,TRUE,,,,NE-DD,,,,,,,,,,,,,,
23166,Delta Dental of Maryland,TRUE,TRUE,TRUE,RT Detailed,TRUE,TRUE,,,,DD-CA,,,,,,,,,,,,,,
4614,Delta Dental of Massachusetts,TRUE,TRUE,TRUE,RT Detailed,TRUE,TRUE,,,,DD-MA,,,,,,,,,,,,,,
DELTA,Delta Dental of Michigan,TRUE,TRUE,TRUE,RT Detailed,TRUE,TRUE,,,,DD-MI,,,,,,,,,,,,,,
CDMN1,Delta Dental of Minnesota,TRUE,TRUE,TRUE,RT Detailed,TRUE,TRUE,,,,DD-MN,,,,,,,,,,,,,,
94276,Delta Dental of Mississippi,TRUE,TRUE,TRUE,RT Detailed,TRUE,TRUE,,,,DD-CA,,,,,,,,,,,,,,
43090,Delta Dental of Missouri,TRUE,TRUE,TRUE,RT Detailed,TRUE,TRUE,,,,DD-MO,,,,,,,,,,,,,,
94276,Delta Dental of Montana,TRUE,TRUE,TRUE,RT Detailed,TRUE,TRUE,,,,DD-CA,,,,,,,,,,,,,,
7027,Delta Dental of Nebraska,TRUE,TRUE,TRUE,RT Detailed,TRUE,TRUE,,,,DD-MN,,,,,,,,,,,,,,
94276,Delta Dental of Nevada,TRUE,TRUE,TRUE,RT Detailed,TRUE,TRUE,,,,DD-CA,,,,,,,,,,,,,,
2027,Delta Dental of New Hampshire,TRUE,TRUE,TRUE,RT Detailed,TRUE,TRUE,,,,NE-DD,,,,,,,,,,,,,,
22189,Delta Dental of New Jersey,TRUE,TRUE,TRUE,RT Detailed,TRUE,TRUE,,,,DD-NJ,,,,,,,,,,,,,,
DELTM,Delta Dental of New Mexico,TRUE,TRUE,TRUE,RT Detailed,TRUE,TRUE,,,,DD-NM,,,,,,,,,,,,,,
11198,Delta Dental of New York,TRUE,TRUE,TRUE,RT Detailed,TRUE,TRUE,,,,DD-CA,,,,,,,,,,,,,,
56101,Delta Dental of North Carolina,TRUE,TRUE,TRUE,RT Detailed,TRUE,TRUE,,,,DD-MI,,,,,,,,,,,,,,
CDND1,Delta Dental of North Dakota,TRUE,TRUE,TRUE,RT Detailed,TRUE,TRUE,,,,DD-MN,,,,,,,,,,,,,,
2027,Delta Dental of Northeast (ME NH VT),TRUE,TRUE,TRUE,RT Detailed,TRUE,TRUE,,,,NE-DD,,,,,,,,,,,,,,
DELTO,Delta Dental of Ohio,TRUE,TRUE,TRUE,RT Detailed,TRUE,TRUE,,,,DD-MI,,,,,,,,,,,,,,
DELOK,Delta Dental of Oklahoma,TRUE,TRUE,TRUE,RT Detailed,TRUE,TRUE,,,,DD-OK,,,,,,,,,,,,,,
CDOR1,Delta Dental of Oregon,TRUE,TRUE,TRUE,RT Detailed,TRUE,FALSE,,,,ODS01,,,,,,,,,,,,,,
23166,Delta Dental of Pennsylvania,TRUE,TRUE,TRUE,RT Detailed,TRUE,TRUE,,,,DD-CA,,,,,,,,,,,,,,
66043,Delta Dental of Puerto Rico,TRUE,TRUE,TRUE,RT Detailed,TRUE,FALSE,,,,,,,,,,,,,,,,,,
5029,Delta Dental of Rhode Island,TRUE,TRUE,TRUE,RT Detailed,TRUE,TRUE,,,,DD-RI,,,,,,,,,,,,,,
43091,Delta Dental of South Carolina,TRUE,TRUE,TRUE,RT Detailed,TRUE,TRUE,,,,DD-MO,,,,,,,,,,,,,,
54097,Delta Dental of South Dakota,,FALSE,FALSE,FALSE,RT General,FALSE,FALSE,,,,DD-SD,,,,,,,,,,,,,
DELTN,Delta Dental of Tennessee,TRUE,TRUE,TRUE,RT Detailed,TRUE,TRUE,,,,DD-TN,,,,,,,,,,,,,,
94276,Delta Dental of Texas,TRUE,TRUE,TRUE,RT Detailed,TRUE,TRUE,,,,DD-CA,,,,,,,,,,,,,,
94276,Delta Dental of Utah,TRUE,TRUE,TRUE,RT Detailed,TRUE,TRUE,,,,DD-CA,,,,,,,,,,,,,,
2027,Delta Dental of Vermont,TRUE,TRUE,TRUE,RT Detailed,TRUE,TRUE,,,,NE-DD,,,,,,,,,,,,,,
CDVA1,Delta Dental of Virginia,TRUE,TRUE,TRUE,RT Detailed,TRUE,TRUE,,,,DD-VA,,,,,,,,,,,,,,
91062,Delta Dental of Washington,TRUE,TRUE,TRUE,RT Detailed,TRUE,TRUE,,Requires EFT,WA-DS,,,,,,,,,,,,,,,
31096,Delta Dental of West Virginia,TRUE,TRUE,TRUE,RT Detailed,TRUE,TRUE,,,,DD-CA,,,,,,,,,,,,,,
39069,Delta Dental of Wisconsin,TRUE,TRUE,TRUE,RT Detailed,TRUE,TRUE,,,,DD-WI,,,,,,,,,,,,,,
7025,Delta Dental of Wyoming,,FALSE,FALSE,FALSE,RT General,FALSE,FALSE,,,,DD-WY,,,,,,,,,,,,,
94235,Delta Health Systems (CA),,FALSE,FALSE,FALSE,RT General,FALSE,FALSE,,,,,,,,,,,,,,,,,
CDCA2,Deltacare USA / PMI - Claims,TRUE,TRUE,TRUE,RT General,FALSE,FALSE,,,,DD-CA,,,,,,,,,,,,,,
CDCAP,Deltacare USA / PMI - Encounters,TRUE,TRUE,TRUE,RT General,FALSE,FALSE,,,,DD-CA,,,,,,,,,,,,,,
52133,Dental Benefit Providers,TRUE,TRUE,TRUE,RT Detailed,TRUE,TRUE,,,,DBENP,,,,,,,,,,,,,,
DCP01,Dental Care Plus,TRUE,TRUE,TRUE,RT Detailed,TRUE,TRUE,,,,DORAL,,,,,,,,,,,,,,
DHSV1,Dental Health Services,,FALSE,FALSE,FALSE,RT General,FALSE,FALSE,,,,,,,,,,,,,,,,,
DNOAT,Dental Network of America (DNOA),,FALSE,FALSE,FALSE,RT General,FALSE,FALSE,,,,DNOA1,,,,,,,,,,,,,
DSL01,Dental Select,,FALSE,FALSE,FALSE,RT General,FALSE,FALSE,,,,DENTS,,,,,,,,,,,,,
4356,Dentaquest (Commercial),TRUE,TRUE,TRUE,RT Detailed,TRUE,TRUE,,,,DORAL,,,,,,,,,,,,,,
CX014,Dentaquest (Government),TRUE,TRUE,TRUE,RT Detailed,TRUE,TRUE,,,,DORAL,,,,,,,,,,,,,,
88888,Dentegra,,FALSE,FALSE,FALSE,RT General,FALSE,FALSE,,,,DD-CA,,,,,,,,,,,,,
94146,Denti-Cal (Medicaid of CA),TRUE,TRUE,TRUE,RT General,FALSE,FALSE,,,,DNCAL,,,,,,,,,,,,,,
UTUDD,Dentist Direct,,FALSE,FALSE,FALSE,RT General,FALSE,FALSE,,,,DD-DP,,,,,,,,,,,,,
TFQ56,Deseret Mutual Benefit Administrators,TRUE,TRUE,TRUE,RT General,FALSE,TRUE,,,,,,,,,,,,,,,,,,
UTUDQ,Direct Care Administrators,,FALSE,FALSE,FALSE,RT General,FALSE,FALSE,,,,,,,,,,,,,,,,,
TLW78,Diversified - 90 Degree Benefits,,FALSE,FALSE,FALSE,RT General,FALSE,FALSE,,,,,,,,,,,,,,,,,
CX040,Diversified Administrative Corporation,,FALSE,FALSE,FALSE,RT General,FALSE,FALSE,,,,,,,,,,,,,,,,,
DOM01,Dominion National,,FALSE,FALSE,FALSE,RT General,FALSE,FALSE,,,,HUMAN,,,,,,,,,,,,,
DPLAN,Dplan (Commercial),,FALSE,FALSE,FALSE,RT General,FALSE,FALSE,,,,,,,,,,,,,,,,,
DRAD1,Dr Administrative Services Inc,,FALSE,FALSE,FALSE,RT General,FALSE,FALSE,,,,,,,,,,,,,,,,,
35186,Dunn And Associates,,FALSE,FALSE,FALSE,RT General,FALSE,FALSE,,,,,,,,,,,,,,,,,
65055,Eagles Benefits By Design,,FALSE,FALSE,FALSE,RT General,FALSE,FALSE,,,,,,,,,,,,,,,,,
TLZ28,Eastern Life And Health,TRUE,TRUE,TRUE,RT Detailed,TRUE,TRUE,,,,AMERI,,,,,,,,,,,,,,
CX083,Easychoice Health Plan,TRUE,TRUE,TRUE,RT DETAILED,FALSE,FALSE,,,,LIBTY,,,,,,,,,,,,,,
81039,EBMS,,FALSE,FALSE,FALSE,RT General,FALSE,FALSE,,,,,,,,,,,,,,,,,
TLU59,Educators Mutual Insurance Assoc,TRUE,TRUE,TRUE,RT General,FALSE,FALSE,,,,,,,,,,,,,,,,,,
73288,EHI,TRUE,TRUE,TRUE,RT Detailed,TRUE,TRUE,,,,HUMAN,,,,,,,,,,,,,,
30506,Electrical Welfare Trust Fund,,FALSE,FALSE,FALSE,RT General,FALSE,FALSE,,,,,,,,,,,,,,,,,
EMBDO,Emblem Dentaquest,,FALSE,FALSE,FALSE,RT General,FALSE,FALSE,,,,DORAL,,,,,,,,,,,,,
13551,Emblem Health (Group Health Inc),,FALSE,FALSE,FALSE,RT General,FALSE,FALSE,,,,GHI01,,,,,,,,,,,,,
73288,Emphesys Employers Health Plan of Wisconsin,TRUE,TRUE,TRUE,RT Detailed,TRUE,TRUE,,,,HUMAN,,,,,,,,,,,,,,
CX083,Empire Health Choice - HMO,TRUE,TRUE,TRUE,RT DETAILED,FALSE,FALSE,,,,LIBTY,,,,,,,,,,,,,,
CX083,Empire Health Choice Assurance - Osb Low & Ppob,TRUE,TRUE,TRUE,RT DETAILED,FALSE,FALSE,,,,LIBTY,,,,,,,,,,,,,,
60221,Employee Benefit Services Inc,,FALSE,FALSE,FALSE,RT General,FALSE,FALSE,,,,,,,,,,,,,,,,,
42149,Employee Benefit Systems,,FALSE,FALSE,FALSE,RT General,FALSE,FALSE,,,,EMPBS,,,,,,,,,,,,,
CX031,Employer Plan Services Inc,,FALSE,FALSE,FALSE,RT General,FALSE,FALSE,,,,,,,,,,,,,,,,,
73288,Employers Health Ins of Winconsin (EHI) (Emphesys),TRUE,TRUE,TRUE,RT Detailed,TRUE,TRUE,,,,HUMAN,,,,,,,,,,,,,,
WT016,Encara,TRUE,TRUE,TRUE,RT Detailed,TRUE,TRUE,,,,39069,,,,,,,,,,,,,,
46278,Envolve Health,TRUE,TRUE,TRUE,RT Detailed,FALSE,FALSE,,,,DHW02,,,,,,,,,,,,,,
CX037,Epsi Dental Ii,,FALSE,FALSE,FALSE,RT General,FALSE,FALSE,,,,,,,,,,,,,,,,,
62308,Equicor,TRUE,TRUE,TRUE,RT Detailed,TRUE,TRUE,,Paper remittances turned off if TRUE,PROV1,,,,,,,,,,,,,,,
78077,Equitable,TRUE,TRUE,TRUE,RT Detailed,TRUE,TRUE,,,,,,,,,,,,,,,,,,
34108,Es Beveridge And Associates,,FALSE,FALSE,FALSE,RT General,FALSE,FALSE,,,,,,,,,,,,,,,,,
64192,Everyage - Elderhaus Inc,,FALSE,FALSE,FALSE,RT General,FALSE,FALSE,,,,,,,,,,,,,,,,,
TLY84,FCE Benefit Administrators Inc,,FALSE,FALSE,FALSE,RT General,FALSE,FALSE,,,,,,,,,,,,,,,,,
71056,Fed Ex Freight East,TRUE,TRUE,TRUE,RT Detailed,TRUE,TRUE,,Paper remittances turned off it TRUE,PROV1,,,,,,,,,,,,,,,
BCAFD,FEP Blue Dental,TRUE,TRUE,TRUE,RT Detailed,TRUE,TRUE,,Paper remittances turned off if TRUE,PROV1,,,,,,,,,,,,,,,
59322,FHCP Medicare,,FALSE,FALSE,FALSE,RT General,FALSE,FALSE,,,,FEPBD,,,,,,,,,,,,,
TLU64,Fedex Freight Health Benefit,,FALSE,FALSE,FALSE,RT General,FALSE,FALSE,,,,,,,,,,,,,,,,,
TLU69,Fidelio Insurance Company,,FALSE,FALSE,FALSE,RT General,FALSE,FALSE,,,,,,,,,,,,,,,,,
72630,First Ameritas Life Insurance Corp of New York,TRUE,TRUE,TRUE,RT Detailed,TRUE,TRUE,,,,AMERI,,,,,,,,,,,,,,
TLZ41,First Commonwealth,TRUE,TRUE,TRUE,RT Detailed,TRUE,TRUE,,,,GUARD,,,,,,,,,,,,,,
CX090,First Continental Life And Accident,,FALSE,FALSE,FALSE,RT General,FALSE,FALSE,,,,FCL01,,,,,,,,,,,,,
TLU63,First Dental Health,TRUE,TRUE,TRUE,RT General,FALSE,FALSE,,,,FIRST,,,,,,,,,,,,,,
TFZ08,First Plan Blue,TRUE,TRUE,TRUE,RT Detailed,TRUE,TRUE,,,,DD-MN,,,,,,,,,,,,,,
71005,First Reliance Standard Life - New York,,FALSE,FALSE,FALSE,RT General,FALSE,FALSE,,,,,,,,,,,,,,,,,
DDNJF,Flagship - Deltacare (DDNJ),TRUE,TRUE,TRUE,RT Detailed,TRUE,TRUE,,,,DD-NJ,,,,,,,,,,,,,,
R7004,Flex Compensation,,FALSE,FALSE,FALSE,RT General,FALSE,FALSE,,,,DD-MN,,,,,,,,,,,,,
60054,Flexcare,TRUE,TRUE,TRUE,RT Detailed,TRUE,TRUE,,,,ΑΕΤΝΑ,,,,,,,,,,,,,,
76031,Florida Combined Life (BCBS of FL),,FALSE,FALSE,FALSE,RT General,FALSE,FALSE,,,,UCCI1,,,,,,,,,,,,,
FDB01,Florida Dental Benefits,,FALSE,FALSE,FALSE,RT General,FALSE,FALSE,,,,FLDB1,,,,,,,,,,,,,
61461,Florida Health Administators,,FALSE,FALSE,FALSE,RT General,FALSE,FALSE,,,,,,,,,,,,,,,,,
60054,Florida Power & Light,TRUE,TRUE,TRUE,RT Detailed,TRUE,TRUE,,,,ΑΕΤΝΑ,,,,,,,,,,,,,,
25059,Forest County Potawatomi,,FALSE,FALSE,FALSE,RT General,FALSE,FALSE,,,,,,,,,,,,,,,,,
TLU19,Formula Corporation,TRUE,TRUE,TRUE,RT General,FALSE,FALSE,,,,,,,,,,,,,,,,,,
70408,Fortis Benefits Insurance Company,TRUE,TRUE,TRUE,RT Detailed,TRUE,TRUE,,,,FORTI,,,,,,,,,,,,,,
TLU71,Fox Valley Laborers Welfare Fund,,FALSE,FALSE,FALSE,RT General,FALSE,FALSE,,,,,,,,,,,,,,,,,
TLZ18,Frates Benefit Administrators,,FALSE,FALSE,FALSE,RT General,FALSE,FALSE,,,,,,,,,,,,,,,,,
67136,Freedom Claims Management,,FALSE,FALSE,FALSE,RT General,FALSE,FALSE,,,,,,,,,,,,,,,,,
62324,Freedom Life Ins Co of America,,FALSE,FALSE,FALSE,RT General,FALSE,FALSE,,,,,,,,,,,,,,,,,
93158,Fringe Benefit Group,,FALSE,FALSE,FALSE,RT General,FALSE,FALSE,,,,,,,,,,,,,,,,,
96938,Gateway Healthy Plan,TRUE,TRUE,TRUE,RT Detailed,TRUE,TRUE,,,,UCCI1,,,,,,,,,,,,,,
39026,GEHA Employee Program,,FALSE,FALSE,FALSE,RT General,FALSE,FALSE,,,,GEHA1,,,,,,,,,,,,,
GHP22,Geisenger Healthplan,,FALSE,FALSE,FALSE,RT General,FALSE,FALSE,,,,,,,,,,,,,,,,,
GCU01,Gcu Local 8-M & 96B Health & Welfare Fund,TRUE,TRUE,TRUE,RT General,FALSE,TRUE,,,,FORTI,,,,,,,,,,,,,,
67814,GEGLAC - Ge Group Life Assurance Company - Dental,,FALSE,FALSE,FALSE,RT General,FALSE,FALSE,,,,,,,,,,,,,,,,,
67814,Genworth Life And Health Insurance Company,,FALSE,FALSE,FALSE,RT General,FALSE,FALSE,,,,FORTI,,,,,,,,,,,,,
80314,GIC (Indemnity Plan),TRUE,TRUE,TRUE,RT General,FALSE,FALSE,,,,WLPNT,,,,,,,,,,,,,,
68251,Global Benefits Group,,FALSE,FALSE,FALSE,RT General,FALSE,FALSE,,,,,,,,,,,,,,,,,
CX083,Golden State Health Plan,TRUE,TRUE,TRUE,RT DETAILED,FALSE,FALSE,,,,LIBTY,,,,,,,,,,,,,,
GWD01,Golden West Dental,TRUE,TRUE,TRUE,RT Detailed,TRUE,TRUE,,,,WLPNT,,,,,,,,,,,,,,
36338,Group Administrators Ltd,,FALSE,FALSE,FALSE,RT General,FALSE,FALSE,,,,57254,,,,,,,,,,,,,
57254,Government Employees Health Association- GEHA,TRUE,TRUE,TRUE,RT Detailed,TRUE,TRUE,,,,,,,,,,,,,,,,,,
63665,Great West Healthcare,TRUE,TRUE,TRUE,RT Detailed,TRUE,TRUE,,,,,,,,,,,,,,,,,,
80705,Great-West Healthcare,TRUE,TRUE,TRUE,RT Detailed,TRUE,TRUE,,,,,,,,,,,,,,,,,,
TLY75,Group & Pension Administrators (GPA),,FALSE,FALSE,FALSE,RT General,FALSE,FALSE,,,,,,,,,,,,,,,,,
80241,Group Benefit Services - Missouri,,FALSE,FALSE,FALSE,RT General,FALSE,FALSE,,,,,,,,,,,,,,,,,
66701,Group Marketing Services Inc,,FALSE,FALSE,FALSE,RT General,FALSE,FALSE,,,,,,,,,,,,,,,,,
37086,Group Plan Solutions,,FALSE,FALSE,FALSE,RT General,FALSE,FALSE,,,,,,,,,,,,,,,,,
64246,Guardian Life Insurance Co,TRUE,TRUE,TRUE,RT Detailed,TRUE,TRUE,,,,GUARD,,,,,,,,,,,,,,
G1813,Guardian Managed Dentalguard (Individual Market),TRUE,TRUE,TRUE,RT Detailed,TRUE,TRUE,,,,PREML,,,,,,,,,,,,,,
99943,Gulf Guaranty Employee Benefit Services,,FALSE,FALSE,FALSE,RT General,FALSE,FALSE,,,,,,,,,,,,,,,,,
DEH11,Hawaii Dental Services (Delta Dental of Hawaii),TRUE,TRUE,TRUE,RT General,FALSE,FALSE,,,,,,,,,,,,,,,,,,
TFQ61,Hawaii Medical Assurance Association (HMAA),,FALSE,FALSE,FALSE,RT General,FALSE,FALSE,,,,,,,,,,,,,,,,,
TPC08,Hawaii-Western Management Group (HWMG),,FALSE,FALSE,FALSE,RT General,FALSE,FALSE,,,,,,,,,,,,,,,,,
J4400,HeadsUp Healthcare,,FALSE,FALSE,FALSE,RT General,FALSE,FALSE,,,,,,,,,,,,,,,,,
TLX24,Health Benefit Claims Dept,TRUE,TRUE,TRUE,RT Detailed,TRUE,TRUE,,Paper remittances turned,,,,,,,,,,,,,,,,
WT073,UFCW Local 711,,FALSE,FALSE,FALSE,RT General,FALSE,FALSE,,,,,,,,,,,,,,,,,
UFC01,UFCW of Central Ohio,,FALSE,FALSE,FALSE,RT General,FALSE,FALSE,,,,,,,,,,,,,,,,,
52133,UHC - Blue Cross Blue Shield of Nc (Salt Lake City UT Only),TRUE,TRUE,TRUE,RT Detailed,TRUE,TRUE,,,,DBENP,,,,,,,,,,,,,,
39026,UMR,TRUE,TRUE,TRUE,RT General,FALSE,FALSE,,,,,,,,,,,,,,,,,,
95266,UMR- Harrington,TRUE,TRUE,TRUE,RT Detailed,TRUE,TRUE,,,,DBENP,,,,,,,,,,,,,,
79480,UMR - Midwest,TRUE,TRUE,TRUE,RT Detailed,TRUE,TRUE,,,,DBENP,,,,,,,,,,,,,,
74223,UMR - San Antonio,TRUE,TRUE,TRUE,RT Detailed,TRUE,TRUE,,,,DBENP,,,,,,,,,,,,,,
80314,Unicare,TRUE,TRUE,TRUE,RT General,FALSE,FALSE,,,,WLPNT,,,,,,,,,,,,,,
TLA03,Unified Group Services,,FALSE,FALSE,FALSE,RT General,FALSE,FALSE,,,,,,,,,,,,,,,,,
TLY58,United Administrative Services,,FALSE,FALSE,FALSE,RT General,FALSE,FALSE,,,,,,,,,,,,,,,,,
38260,United Benefit Advisors,,FALSE,FALSE,FALSE,RT General,FALSE,FALSE,,,,,,,,,,,,,,,,,
CX013,United Concordia - Dental Plus,TRUE,TRUE,TRUE,RT Detailed,TRUE,TRUE,,,,UCCI1,,,,,,,,,,,,,,
CX007,United Concordia - Fee For Service,TRUE,TRUE,TRUE,RT Detailed,TRUE,TRUE,,,,UCCI1,,,,,,,,,,,,,,
52133,United Healthcare Dental,TRUE,TRUE,TRUE,RT Detailed,TRUE,TRUE,,,,DBENP,,,,,,,,,,,,,,
33108,United Medical Resources - Cincinnati,TRUE,TRUE,TRUE,RT Detailed,TRUE,TRUE,,,,DBENP,,,,,,,,,,,,,,
16105,Univera of New York,TRUE,TRUE,TRUE,RT Detailed,TRUE,TRUE,,,,EXCEL,,,,,,,,,,,,,,
53684,Universal Health Fellowship,TRUE,TRUE,TRUE,RT Detailed,TRUE,TRUE,,,,DBENP,,,,,,,,,,,,,,
SX155,University of Utah Health Plans,TRUE,TRUE,TRUE,RT Detailed,TRUE,TRUE,,,,DBENP,,,,,,,,,,,,,,
STRDH,UNUM Dental - CA DHMO,,FALSE,FALSE,FALSE,RT General,FALSE,FALSE,,,,,,,,,,,,,,,,,
23281,UPMC Dental Advantage,,FALSE,FALSE,FALSE,RT General,FALSE,FALSE,,,,EXCEL,,,,,,,,,,,,,
UPMCD,UPMC Health Plan,,FALSE,FALSE,FALSE,RT General,FALSE,FALSE,,,,UPMC1,,,,,,,,,,,,,
CX110,UT CHIPS,TRUE,TRUE,TRUE,RT General,FALSE,TRUE,,,,,,,,,,,,,,,,,,
12116,VA Fee Basis Program,,FALSE,FALSE,FALSE,RT General,FALSE,FALSE,,,,,,,,,,,,,,,,,
65287,Valenz,,FALSE,FALSE,FALSE,RT General,FALSE,FALSE,,,,,,,,,,,,,,,,,
72128,Vantage Dental,,FALSE,FALSE,FALSE,RT General,FALSE,FALSE,,,,,,,,,,,,,,,,,
60054,Varian Health Care Plan,TRUE,TRUE,TRUE,RT Detailed,TRUE,TRUE,,,,ΑΕΤΝΑ,,,,,,,,,,,,,,
72187,Varipro,,FALSE,FALSE,FALSE,RT General,FALSE,FALSE,,,,,,,,,,,,,,,,,
VS402,Vault,,FALSE,FALSE,FALSE,RT General,FALSE,FALSE,,,,,,,,,,,,,,,,,
CX083,Venetian,TRUE,TRUE,TRUE,RT DETAILED,FALSE,FALSE,,,,LIBTY,,,,,,,,,,,,,,
75261,WEB TPA Employer Services IIc,,FALSE,FALSE,FALSE,RT General,FALSE,FALSE,,,,,,,,,,,,,,,,,
75261,WEBTPA / Community Health Electronic Claims / CHEC,,FALSE,FALSE,FALSE,RT General,FALSE,FALSE,,,,,,,,,,,,,,,,,
CX083,Wellborn Health Plans,TRUE,TRUE,TRUE,RT DETAILED,FALSE,FALSE,,,,LIBTY,,,,,,,,,,,,,,
CX083,Wellcare,TRUE,TRUE,TRUE,RT DETAILED,FALSE,FALSE,,,,LIBTY,,,,,,,,,,,,,,
93669,WellNet Healthcare Administrators Inc,,FALSE,FALSE,FALSE,RT General,FALSE,FALSE,,,,,,,,,,,,,,,,,
CX083,Wellpoint,TRUE,TRUE,TRUE,RT DETAILED,FALSE,FALSE,,,,LIBTY,,,,,,,,,,,,,,
TLY66,Wells Fargo Tpa (GA),,FALSE,FALSE,FALSE,RT General,FALSE,FALSE,,,,,,,,,,,,,,,,,
TLY65,Wells Fargo Tpa (NC),,FALSE,FALSE,FALSE,RT General,FALSE,FALSE,,,,,,,,,,,,,,,,,
23266,Wellspan,,FALSE,FALSE,FALSE,RT General,FALSE,FALSE,,,,,,,,,,,,,,,,,
93128,Western Grocers Employee Benefit Trust,TRUE,TRUE,TRUE,RT Detailed,TRUE,TRUE,,,,UCCI1,,,,,,,,,,,,,,
TLW33,Western PA Teamsters Fund,TRUE,TRUE,TRUE,RT Detailed,TRUE,TRUE,,,,NWA01,,,,,,,,,,,,,,
91060,Western Teamsters Welfare Trust,TRUE,TRUE,TRUE,RT General,FALSE,FALSE,,,,,,,,,,,,,,,,,,
WIMAN,Wi Medicare Advantage Network,TRUE,TRUE,TRUE,RT Detailed,TRUE,TRUE,,,,DD-MI,,,,,,,,,,,,,,
93050,William C Earhart Co Inc,,FALSE,FALSE,FALSE,RT General,FALSE,FALSE,,,,,,,,,,,,,,,,,
R7002,Wilson Mcshane Corporation,TRUE,TRUE,TRUE,RT Detailed,TRUE,TRUE,,,,WMS01,,,,,,,,,,,,,,
70123,WV PEOA,,FALSE,FALSE,FALSE,RT General,FALSE,FALSE,,,,,,,,,,,,,,,,,
TLY21,Zenith Administrators (MN),TRUE,TRUE,TRUE,RT Detailed,TRUE,TRUE,,,,DD-MN,,,,,,,,,,,,,,
,,,,,,,,,,,,,,,,,,,,,,,,,
,,,,,,,,,,,,,,,,,,,,,,,,,
,,,,,,,,,,,,,,,,,,,,,,,,,
,,,,,,,,,,,,,,,,,,,,,,,,,
,,,,,,,,,,,,,,,,,,,,,,,,,
,,,,,,,,,,,,,,,,,,,,,,,,,
,,,,,,,,,,,,,,,,,,,,,,,,,
,,,,,,,,,,,,,,,,,,,,,,,,,
,,,,,,,,,,,,,,,,,,,,,,,,,
,,,,,,,,,,,,,,,,,,,,,,,,,
,,,,,,,,,,,,,,,,,,,,,,,,,
,,,,,,,,,,,,,,,,,,,,,,,,,
,,,,,,,,,,,,,,,,,,,,,,,,,
,,,,,,,,,,,,,,,,,,,,,,,,,
,,,,,,,,,,,,,,,,,,,,,,,,,
,,,,,,,,,,,,,,,,,,,,,,,,,
,,,,,,,,,,,,,,,,,,,,,,,,,
,,,,,,,,,,,,,,,,,,,,,,,,,
,,,,,,,,,,,,,,,,,,,,,,,,,
,,,,,,,,,,,,,,,,,,,,,,,,,
,,,,,,,,,,,,,,,,,,,,,,,,,
,,,,,,,,,,,,,,,,,,,,,,,,,
,,,,,,,,,,,,,,,,,,,,,,,,,
,,,,,,,,,,,,,,,,,,,,,,,,,
,,,,,,,,,,,,,,,,,,,,,,,,,
,,,,,,,,,,,,,,,,,,,,,,,,,
,,,,,,,,,,,,,,,,,,,,,,,,,
,,,,,,,,,,,,,,,,,,,,,,,,,
,,,,,,,,,,,,,,,,,,,,,,,,,
,,,,,,,,,,,,,,,,,,,,,,,,,
,,,,,,,,,,,,,,,,,,,,,,,,,
,,,,,,,,,,,,,,,,,,,,,,,,,
,,,,,,,,,,,,,,,,,,,,,,,,,
,,,,,,,,,,,,,,,,,,,,,,,,,
,,,,,,,,,,,,,,,,,,,,,,,,,
,,,,,,,,,,,,,,,,,,,,,,,,,
,,,,,,,,,,,,,,,,,,,,,,,,,
,,,,,,,,,,,,,,,,,,,,,,,,,
,,,,,,,,,,,,,,,,,,,,,,,,,
,,,,,,,,,,,,,,,,,,,,,,,,,
,,,,,,,,,,,,,,,,,,,,,,,,,
,,,,,,,,,,,,,,,,,,,,,,,,,
,,,,,,,,,,,,,,,,,,,,,,,,,
,,,,,,,,,,,,,,,,,,,,,,,,,
,,,,,,,,,,,,,,,,,,,,,,,,,
,,,,,,,,,,,,,,,,,,,,,,,,,
,,,,,,,,,,,,,,,,,,,,,,,,,
,,,,,,,,,,,,,,,,,,,,,,,,,
,,,,,,,,,,,,,,,,,,,,,,,,,
,,,,,,,,,,,,,,,,,,,,,,,,,
,,,,,,,,,,,,,,,,,,,,,,,,,
,,,,,,,,,,,,,,,,,,,,,,,,,
,,,,,,,,,,,,,,,,,,,,,,,,,
,,,,,,,,,,,,,,,,,,,,,,,,,
,,,,,,,,,,,,,,,,,,,,,,,,,
,,,,,,,,,,,,,,,,,,,,,,,,,
,,,,,,,,,,,,,,,,,,,,,,,,,
,,,,,,,,,,,,,,,,,,,,,,,,,
,,,,,,,,,,,,,,,,,,,,,,,,,
,,,,,,,,,,,,,,,,,,,,,,,,,
,,,,,,,,,,,,,,,,,,,,,,,,,
,,,,,,,,,,,,,,,,,,,,,,,,,
,,,,,,,,,,,,,,,,,,,,,,,,,
,,,,,,,,,,,,,,,,,,,,,,,,,
,,,,,,,,,,,,,,,,,,,,,,,,,
,,,,,,,,,,,,,,,,,,,,,,,,,
,,,,,,,,,,,,,,,,,,,,,,,,,
,,,,,,,,,,,,,,,,,,,,,,,,,
,,,,,,,,,,,,,,,,,,,,,,,,,
,,,,,,,,,,,,,,,,,,,,,,,,,
,,,,,,,,,,,,,,,,,,,,,,,,,
,,,,,,,,,,,,,,,,,,,,,,,,,
,,,,,,,,,,,,,,,,,,,,,,,,,
,,,,,,,,,,,,,,,,,,,,,,,,,
,,,,,,,,,,,,,,,,,,,,,,,,,
,,,,,,,,,,,,,,,,,,,,,,,,,
,,,,,,,,,,,,,,,,,,,,,,,,,
,,,,,,,,,,,,,,,,,,,,,,,,,
,,,,,,,,,,,,,,,,,,,,,,,,,
,,,,,,,,,,,,,,,,,,,,,,,,,
,,,,,,,,,,,,,,,,,,,,,,,,,
,,,,,,,,,,,,,,,,,,,,,,,,,
,,,,,,,,,,,,,,,,,,,,,,,,,
,,,,,,,,,,,,,,,,,,,,,,,,,
,,,,,,,,,,,,,,,,,,,,,,,,,
,,,,,,,,,,,,,,,,,,,,,,,,,
,,,,,,,,,,,,,,,,,,,,,,,,,
,,,,,,,,,,,,,,,,,,,,,,,,,
,,,,,,,,,,,,,,,,,,,,,,,,,
,,,,,,,,,,,,,,,,,,,,,,,,,
,,,,,,,,,,,,,,,,,,,,,,,,,
,,,,,,,,,,,,,,,,,,,,,,,,,
,,,,,,,,,,,,,,,,,,,,,,,,,
,,,,,,,,,,,,,,,,,,,,,,,,,
,,,,,,,,,,,,,,,,,,,,,,,,,
,,,,,,,,,,,,,,,,,,,,,,,,,
,,,,,,,,,,,,,,,,,,,,,,,,,
,,,,,,,,,,,,,,,,,,,,,,,,,
,,,,,,,,,,,,,,,,,,,,,,,,,
,,,,,,,,,,,,,,,,,,,,,,,,,
,,,,,,,,,,,,,,,,,,,,,,,,,
,,,,,,,,,,,,,,,,,,,,,,,,,
,,,,,,,,,,,,,,,,,,,,,,,,,
,,,,,,,,,,,,,,,,,,,,,,,,,
,,,,,,,,,,,,,,,,,,,,,,,,,
,,,,,,,,,,,,,,,,,,,,,,,,,
,,,,,,,,,,,,,,,,,,,,,,,,,
,,,,,,,,,,,,,,,,,,,,,,,,,
,,,,,,,,,,,,,,,,,,,,,,,,,
,,,,,,,,,,,,,,,,,,,,,,,,,
,,,,,,,,,,,,,,,,,,,,,,,,,
,,,,,,,,,,,,,,,,,,,,,,,,,
,,,,,,,,,,,,,,,,,,,,,,,,,
,,,,,,,,,,,,,,,,,,,,,,,,,
,,,,,,,,,,,,,,,,,,,,,,,,,
,,,,,,,,,,,,,,,,,,,,,,,,,
,,,,,,,,,,,,,,,,,,,,,,,,,
,,,,,,,,,,,,,,,,,,,,,,,,,
,,,,,,,,,,,,,,,,,,,,,,,,,
,,,,,,,,,,,,,,,,,,,,,,,,,
,,,,,,,,,,,,,,,,,,,,,,,,,
,,,,,,,,,,,,,,,,,,,,,,,,,
,,,,,,,,,,,,,,,,,,,,,,,,,
,,,,,,,,,,,,,,,,,,,,,,,,,
,,,,,,,,,,,,,,,,,,,,,,,,,
,,,,,,,,,,,,,,,,,,,,,,,,,
,,,,,,,,,,,,,,,,,,,,,,,,,
,,,,,,,,,,,,,,,,,,,,,,,,,
,,,,,,,,,,,,,,,,,,,,,,,,,
,,,,,,,,,,,,,,,,,,,,,,,,,
,,,,,,,,,,,,,,,,,,,,,,,,,
,,,,,,,,,,,,,,,,,,,,,,,,,
,,,,,,,,,,,,,,,,,,,,,,,,,
,,,,,,,,,,,,,,,,,,,,,,,,,
,,,,,,,,,,,,,,,,,,,,,,,,,
,,,,,,,,,,,,,,,,,,,,,,,,,
,,,,,,,,,,,,,,,,,,,,,,,,,
,,,,,,,,,,,,,,,,,,,,,,,,,
,,,,,,,,,,,,,,,,,,,,,,,,,
,,,,,,,,,,,,,,,,,,,,,,,,,
,,,,,,,,,,,,,,,,,,,,,,,,,
,,,,,,,,,,,,,,,,,,,,,,,,,
,,,,,,,,,,,,,,,,,,,,,,,,,
,,,,,,,,,,,,,,,,,,,,,,,,,
,,,,,,,,,,,,,,,,,,,,,,,,,
,,,,,,,,,,,,,,,,,,,,,,,,,
,,,,,,,,,,,,,,,,,,,,,,,,,
,,,,,,,,,,,,,,,,,,,,,,,,,
,,,,,,,,,,,,,,,,,,,,,,,,,
,,,,,,,,,,,,,,,,,,,,,,,,,
,,,,,,,,,,,,,,,,,,,,,,,,,
,,,,,,,,,,,,,,,,,,,,,,,,,
,,,,,,,,,,,,,,,,,,,,,,,,,
,,,,,,,,,,,,,,,,,,,,,,,,,
,,,,,,,,,,,,,,,,,,,,,,,,,
,,,,,,,,,,,,,,,,,,,,,,,,,
,,,,,,,,,,,,,,,,,,,,,,,,,
,,,,,,,,,,,,,,,,,,,,,,,,,
,,,,,,,,,,,,,,,,,,,,,,,,,
,,,,,,,,,,,,,,,,,,,,,,,,,
,,,,,,,,,,,,,,,,,,,,,,,,,
,,,,,,,,,,,,,,,,,,,,,,,,,
,,,,,,,,,,,,,,,,,,,,,,,,,
,,,,,,,,,,,,,,,,,,,,,,,,,
,,,,,,,,,,,,,,,,,,,,,,,,,
,,,,,,,,,,,,,,,,,,,,,,,,,
,,,,,,,,,,,,,,,,,,,,,,,,,
,,,,,,,,,,,,,,,,,,,,,,,,,
,,,,,,,,,,,,,,,,,,,,,,,,,
,,,,,,,,,,,,,,,,,,,,,,,,,
,,,,,,,,,,,,,,,,,,,,,,,,,
,,,,,,,,,,,,,,,,,,,,,,,,,
,,,,,,,,,,,,,,,,,,,,,,,,,
,,,,,,,,,,,,,,,,,,,,,,,,,
,,,,,,,,,,,,,,,,,,,,,,,,,
,,,,,,,,,,,,,,,,,,,,,,,,,
,,,,,,,,,,,,,,,,,,,,,,,,,
,,,,,,,,,,,,,,,,,,,,,,,,,
,,,,,,,,,,,,,,,,,,,,,,,,,
,,,,,,,,,,,,,,,,,,,,,,,,,
,,,,,,,,,,,,,,,,,,,,,,,,,
,,,,,,,,,,,,,,,,,,,,,,,,,
,,,,,,,,,,,,,,,,,,,,,,,,,
,,,,,,,,,,,,,,,,,,,,,,,,,
,,,,,,,,,,,,,,,,,,,,,,,,,
,,,,,,,,,,,,,,,,,,,,,,,,,
,,,,,,,,,,,,,,,,,,,,,,,,,
,,,,,,,,,,,,,,,,,,,,,,,,,
,,,,,,,,,,,,,,,,,,,,,,,,,
,,,,,,,,,,,,,,,,,,,,,,,,,
,,,,,,,,,,,,,,,,,,,,,,,,,
,,,,,,,,,,,,,,,,,,,,,,,,,
,,,,,,,,,,,,,,,,,,,,,,,,,
,,,,,,,,,,,,,,,,,,,,,,,,,
,,,,,,,,,,,,,,,,,,,,,,,,,
,,,,,,,,,,,,,,,,,,,,,,,,,
,,,,,,,,,,,,,,,,,,,,,,,,,
,,,,,,,,,,,,,,,,,,,,,,,,,
,,,,,,,,,,,,,,,,,,,,,,,,,
,,,,,,,,,,,,,,,,,,,,,,,,,
,,,,,,,,,,,,,,,,,,,,,,,,,
,,,,,,,,,,,,,,,,,,,,,,,,,
,,,,,,,,,,,,,,,,,,,,,,,,,
,,,,,,,,,,,,,,,,,,,,,,,,,
,,,,,,,,,,,,,,,,,,,,,,,,,
,,,,,,,,,,,,,,,,,,,,,,,,,
,,,,,,,,,,,,,,,,,,,,,,,,,
,,,,,,,,,,,,,,,,,,,,,,,,,
,,,,,,,,,,,,,,,,,,,,,,,,,
,,,,,,,,,,,,,,,,,,,,,,,,,
,,,,,,,,,,,,,,,,,,,,,,,,,
,,,,,,,,,,,,,,,,,,,,,,,,,
,,,,,,,,,,,,,,,,,,,,,,,,,
,,,,,,,,,,,,,,,,,,,,,,,,,
,,,,,,,,,,,,,,,,,,,,,,,,,
,,,,,,,,,,,,,,,,,,,,,,,,,
,,,,,,,,,,,,,,,,,,,,,,,,,
,,,,,,,,,,,,,,,,,,,,,,,,,
,,,,,,,,,,,,,,,,,,,,,,,,,
,,,,,,,,,,,,,,,,,,,,,,,,,
,,,,,,,,,,,,,,,,,,,,,,,,,
,,,,,,,,,,,,,,,,,,,,,,,,,
,,,,,,,,,,,,,,,,,,,,,,,,,
,,,,,,,,,,,,,,,,,,,,,,,,,
,,,,,,,,,,,,,,,,,,,,,,,,,
,,,,,,,,,,,,,,,,,,,,,,,,,
,,,,,,,,,,,,,,,,,,,,,,,,,
,,,,,,,,,,,,,,,,,,,,,,,,,
,,,,,,,,,,,,,,,,,,,,,,,,,
,,,,,,,,,,,,,,,,,,,,,,,,,
,,,,,,,,,,,,,,,,,,,,,,,,,
,,,,,,,,,,,,,,,,,,,,,,,,,
,,,,,,,,,,,,,,,,,,,,,,,,,
,,,,,,,,,,,,,,,,,,,,,,,,,
,,,,,,,,,,,,,,,,,,,,,,,,,
,,,,,,,,,,,,,,,,,,,,,,,,,
,,,,,,,,,,,,,,,,,,,,,,,,,
,,,,,,,,,,,,,,,,,,,,,,,,,
,,,,,,,,,,,,,,,,,,,,,,,,,
,,,,,,,,,,,,,,,,,,,,,,,,,
,,,,,,,,,,,,,,,,,,,,,,,,,
,,,,,,,,,,,,,,,,,,,,,,,,,
,,,,,,,,,,,,,,,,,,,,,,,,,
,,,,,,,,,,,,,,,,,,,,,,,,,
,,,,,,,,,,,,,,,,,,,,,,,,,
,,,,,,,,,,,,,,,,,,,,,,,,,
,,,,,,,,,,,,,,,,,,,,,,,,,
,,,,,,,,,,,,,,,,,,,,,,,,,
,,,,,,,,,,,,,,,,,,,,,,,,,
,,,,,,,,,,,,,,,,,,,,,,,,,
,,,,,,,,,,,,,,,,,,,,,,,,,
,,,,,,,,,,,,,,,,,,,,,,,,,
,,,,,,,,,,,,,,,,,,,,,,,,,
,,,,,,,,,,,,,,,,,,,,,,,,,
,,,,,,,,,,,,,,,,,,,,,,,,,
,,,,,,,,,,,,,,,,,,,,,,,,,
,,,,,,,,,,,,,,,,,,,,,,,,,
,,,,,,,,,,,,,,,,,,,,,,,,,
,,,,,,,,,,,,,,,,,,,,,,,,,
,,,,,,,,,,,,,,,,,,,,,,,,,
,,,,,,,,,,,,,,,,,,,,,,,,,
,,,,,,,,,,,,,,,,,,,,,,,,,
,,,,,,,,,,,,,,,,,,,,,,,,,
,,,,,,,,,,,,,,,,,,,,,,,,,
,,,,,,,,,,,,,,,,,,,,,,,,,
,,,,,,,,,,,,,,,,,,,,,,,,,
,,,,,,,,,,,,,,,,,,,,,,,,,
,,,,,,,,,,,,,,,,,,,,,,,,,
,,,,,,,,,,,,,,,,,,,,,,,,,
,,,,,,,,,,,,,,,,,,,,,,,,,
,,,,,,,,,,,,,,,,,,,,,,,,,
,,,,,,,,,,,,,,,,,,,,,,,,,
,,,,,,,,,,,,,,,,,,,,,,,,,
,,,,,,,,,,,,,,,,,,,,,,,,,
,,,,,,,,,,,,,,,,,,,,,,,,,
,,,,,,,,,,,,,,,,,,,,,,,,,
,,,,,,,,,,,,,,,,,,,,,,,,,
,,,,,,,,,,,,,,,,,,,,,,,,,
,,,,,,,,,,,,,,,,,,,,,,,,,
,,,,,,,,,,,,,,,,,,,,,,,,,
,,,,,,,,,,,,,,,,,,,,,,,,,
,,,,,,,,,,,,,,,,,,,,,,,,,
,,,,,,,,,,,,,,,,,,,,,,,,,
,,,,,,,,,,,,,,,,,,,,,,,,,
,,,,,,,,,,,,,,,,,,,,,,,,,
,,,,,,,,,,,,,,,,,,,,,,,,,
,,,,,,,,,,,,,,,,,,,,,,,,,
,,,,,,,,,,,,,,,,,,,,,,,,,
,,,,,,,,,,,,,,,,,,,,,,,,,
,,,,,,,,,,,,,,,,,,,,,,,,,
,,,,,,,,,,,,,,,,,,,,,,,,,
,,,,,,,,,,,,,,,,,,,,,,,,,
,,,,,,,,,,,,,,,,,,,,,,,,,
,,,,,,,,,,,,,,,,,,,,,,,,,
,,,,,,,,,,,,,,,,,,,,,,,,,
,,,,,,,,,,,,,,,,,,,,,,,,,
,,,,,,,,,,,,,,,,,,,,,,,,,
,,,,,,,,,,,,,,,,,,,,,,,,,
,,,,,,,,,,,,,,,,,,,,,,,,,
,,,,,,,,,,,,,,,,,,,,,,,,,
,,,,,,,,,,,,,,,,,,,,,,,,,
,,,,,,,,,,,,,,,,,,,,,,,,,
,,,,,,,,,,,,,,,,,,,,,,,,,
,,,,,,,,,,,,,,,,,,,,,,,,,
,,,,,,,,,,,,,,,,,,,,,,,,,
,,,,,,,,,,,,,,,,,,,,,,,,,
,,,,,,,,,,,,,,,,,,,,,,,,,
,,,,,,,,,,,,,,,,,,,,,,,,,
,,,,,,,,,,,,,,,,,,,,,,,,,
,,,,,,,,,,,,,,,,,,,,,,,,,
,,,,,,,,,,,,,,,,,,,,,,,,,
,,,,,,,,,,,,,,,,,,,,,,,,,
,,,,,,,,,,,,,,,,,,,,,,,,,
,,,,,,,,,,,,,,,,,,,,,,,,,
,,,,,,,,,,,,,,,,,,,,,,,,,
,,,,,,,,,,,,,,,,,,,,,,,,,
,,,,,,,,,,,,,,,,,,,,,,,,,
,,,,,,,,,,,,,,,,,,,,,,,,,
,,,,,,,,,,,,,,,,,,,,,,,,,
,,,,,,,,,,,,,,,,,,,,,,,,,
,,,,,,,,,,,,,,,,,,,,,,,,,
,,,,,,,,,,,,,,,,,,,,,,,,,
,,,,,,,,,,,,,,,,,,,,,,,,,
,,,,,,,,,,,,,,,,,,,,,,,,,
,,,,,,,,,,,,,,,,,,,,,,,,,
,,,,,,,,,,,,,,,,,,,,,,,,,
,,,,,,,,,,,,,,,,,,,,,,,,,
,,,,,,,,,,,,,,,,,,,,,,,,,
,,,,,,,,,,,,,,,,,,,,,,,,,
,,,,,,,,,,,,,,,,,,,,,,,,,
,,,,,,,,,,,,,,,,,,,,,,,,,
,,,,,,,,,,,,,,,,,,,,,,,,,
,,,,,,,,,,,,,,,,,,,,,,,,,
,,,,,,,,,,,,,,,,,,,,,,,,,
,,,,,,,,,,,,,,,,,,,,,,,,,
,,,,,,,,,,,,,,,,,,,,,,,,,
,,,,,,,,,,,,,,,,,,,,,,,,,
,,,,,,,,,,,,,,,,,,,,,,,,,
,,,,,,,,,,,,,,,,,,,,,,,,,
,,,,,,,,,,,,,,,,,,,,,,,,,
,,,,,,,,,,,,,,,,,,,,,,,,,
,,,,,,,,,,,,,,,,,,,,,,,,,
,,,,,,,,,,,,,,,,,,,,,,,,,
,,,,,,,,,,,,,,,,,,,,,,,,,
,,,,,,,,,,,,,,,,,,,,,,,,,
,,,,,,,,,,,,,,,,,,,,,,,,,
,,,,,,,,,,,,,,,,,,,,,,,,,
,,,,,,,,,,,,,,,,,,,,,,,,,
,,,,,,,,,,,,,,,,,,,,,,,,,
,,,,,,,,,,,,,,,,,,,,,,,,,
,,,,,,,,,,,,,,,,,,,,,,,,,
,,,,,,,,,,,,,,,,,,,,,,,,,
,,,,,,,,,,,,,,,,,,,,,,,,,
,,,,,,,,,,,,,,,,,,,,,,,,,
,,,,,,,,,,,,,,,,,,,,,,,,,
,,,,,,,,,,,,,,,,,,,,,,,,,
,,,,,,,,,,,,,,,,,,,,,,,,,
,,,,,,,,,,,,,,,,,,,,,,,,,
,,,,,,,,,,,,,,,,,,,,,,,,,
,,,,,,,,,,,,,,,,,,,,,,,,,
,,,,,,,,,,,,,,,,,,,,,,,,,
,,,,,,,,,,,,,,,,,,,,,,,,,
,,,,,,,,,,,,,,,,,,,,,,,,,
,,,,,,,,,,,,,,,,,,,,,,,,,
,,,,,,,,,,,,,,,,,,,,,,,,,
,,,,,,,,,,,,,,,,,,,,,,,,,
,,,,,,,,,,,,,,,,,,,,,,,,,
,,,,,,,,,,,,,,,,,,,,,,,,,
,,,,,,,,,,,,,,,,,,,,,,,,,
,,,,,,,,,,,,,,,,,,,,,,,,,
,,,,,,,,,,,,,,,,,,,,,,,,,
,,,,,,,,,,,,,,,,,,,,,,,,,
,,,,,,,,,,,,,,,,,,,,,,,,,
,,,,,,,,,,,,,,,,,,,,,,,,,
,,,,,,,,,,,,,,,,,,,,,,,,,
,,,,,,,,,,,,,,,,,,,,,,,,,
,,,,,,,,,,,,,,,,,,,,,,,,,
,,,,,,,,,,,,,,,,,,,,,,,,,
,,,,,,,,,,,,,,,,,,,,,,,,,
,,,,,,,,,,,,,,,,,,,,,,,,,
,,,,,,,,,,,,,,,,,,,,,,,,,
,,,,,,,,,,,,,,,,,,,,,,,,,
,,,,,,,,,,,,,,,,,,,,,,,,,
,,,,,,,,,,,,,,,,,,,,,,,,,
,,,,,,,,,,,,,,,,,,,,,,,,,
,,,,,,,,,,,,,,,,,,,,,,,,,
,,,,,,,,,,,,,,,,,,,,,,,,,
,,,,,,,,,,,,,,,,,,,,,,,,,
,,,,,,,,,,,,,,,,,,,,,,,,,
,,,,,,,,,,,,,,,,,,,,,,,,,
,,,,,,,,,,,,,,,,,,,,,,,,,
,,,,,,,,,,,,,,,,,,,,,,,,,
,,,,,,,,,,,,,,,,,,,,,,,,,
,,,,,,,,,,,,,,,,,,,,,,,,,
,,,,,,,,,,,,,,,,,,,,,,,,,
,,,,,,,,,,,,,,,,,,,,,,,,,
,,,,,,,,,,,,,,,,,,,,,,,,,
,,,,,,,,,,,,,,,,,,,,,,,,,
,,,,,,,,,,,,,,,,,,,,,,,,,
,,,,,,,,,,,,,,,,,,,,,,,,,
,,,,,,,,,,,,,,,,,,,,,,,,,
,,,,,,,,,,,,,,,,,,,,,,,,,
,,,,,,,,,,,,,,,,,,,,,,,,,
,,,,,,,,,,,,,,,,,,,,,,,,,
,,,,,,,,,,,,,,,,,,,,,,,,,
,,,,,,,,,,,,,,,,,,,,,,,,,
,,,,,,,,,,,,,,,,,,,,,,,,,
,,,,,,,,,,,,,,,,,,,,,,,,,
,,,,,,,,,,,,,,,,,,,,,,,,,
,,,,,,,,,,,,,,,,,,,,,,,,,
,,,,,,,,,,,,,,,,,,,,,,,,,
,,,,,,,,,,,,,,,,,,,,,,,,,
,,,,,,,,,,,,,,,,,,,,,,,,,
,,,,,,,,,,,,,,,,,,,,,,,,,
,,,,,,,,,,,,,,,,,,,,,,,,,
,,,,,,,,,,,,,,,,,,,,,,,,,
,,,,,,,,,,,,,,,,,,,,,,,,,
,,,,,,,,,,,,,,,,,,,,,,,,,
,,,,,,,,,,,,,,,,,,,,,,,,,
,,,,,,,,,,,,,,,,,,,,,,,,,
,,,,,,,,,,,,,,,,,,,,,,,,,
,,,,,,,,,,,,,,,,,,,,,,,,,
,,,,,,,,,,,,,,,,,,,,,,,,,
,,,,,,,,,,,,,,,,,,,,,,,,,
,,,,,,,,,,,,,,,,,,,,,,,,,
,,,,,,,,,,,,,,,,,,,,,,,,,
,,,,,,,,,,,,,,,,,,,,,,,,,
,,,,,,,,,,,,,,,,,,,,,,,,,
,,,,,,,,,,,,,,,,,,,,,,,,,
,,,,,,,,,,,,,,,,,,,,,,,,,
,,,,,,,,,,,,,,,,,,,,,,,,,
,,,,,,,,,,,,,,,,,,,,,,,,,
,,,,,,,,,,,,,,,,,,,,,,,,,
,,,,,,,,,,,,,,,,,,,,,,,,,
,,,,,,,,,,,,,,,,,,,,,,,,,
,,,,,,,,,,,,,,,,,,,,,,,,,
,,,,,,,,,,,,,,,,,,,,,,,,,
,,,,,,,,,,,,,,,,,,,,,,,,,
,,,,,,,,,,,,,,,,,,,,,,,,,
,,,,,,,,,,,,,,,,,,,,,,,,,
,,,,,,,,,,,,,,,,,,,,,,,,,
,,,,,,,,,,,,,,,,,,,,,,,,,
,,,,,,,,,,,,,,,,,,,,,,,,,
,,,,,,,,,,,,,,,,,,,,,,,,,
,,,,,,,,,,,,,,,,,,,,,,,,,
,,,,,,,,,,,,,,,,,,,,,,,,,
,,,,,,,,,,,,,,,,,,,,,,,,,
,,,,,,,,,,,,,,,,,,,,,,,,,
,,,,,,,,,,,,,,,,,,,,,,,,,
,,,,,,,,,,,,,,,,,,,,,,,,,
,,,,,,,,,,,,,,,,,,,,,,,,,
,,,,,,,,,,,,,,,,,,,,,,,,,
,,,,,,,,,,,,,,,,,,,,,,,,,
,,,,,,,,,,,,,,,,,,,,,,,,,
,,,,,,,,,,,,,,,,,,,,,,,,,
,,,,,,,,,,,,,,,,,,,,,,,,,
,,,,,,,,,,,,,,,,,,,,,,,,,
,,,,,,,,,,,,,,,,,,,,,,,,,
,,,,,,,,,,,,,,,,,,,,,,,,,
,,,,,,,,,,,,,,,,,,,,,,,,,
,,,,,,,,,,,,,,,,,,,,,,,,,
,,,,,,,,,,,,,,,,,,,,,,,,,
,,,,,,,,,,,,,,,,,,,,,,,,,
,,,,,,,,,,,,,,,,,,,,,,,,,
,,,,,,,,,,,,,,,,,,,,,,,,,
,,,,,,,,,,,,,,,,,,,,,,,,,
,,,,,,,,,,,,,,,,,,,,,,,,,
,,,,,,,,,,,,,,,,,,,,,,,,,
,,,,,,,,,,,,,,,,,,,,,,,,,
,,,,,,,,,,,,,,,,,,,,,,,,,
,,,,,,,,,,,,,,,,,,,,,,,,,
,,,,,,,,,,,,,,,,,,,,,,,,,
,,,,,,,,,,,,,,,,,,,,,,,,,
,,,,,,,,,,,,,,,,,,,,,,,,,
,,,,,,,,,,,,,,,,,,,,,,,,,
,,,,,,,,,,,,,,,,,,,,,,,,,
,,,,,,,,,,,,,,,,,,,,,,,,,
,,,,,,,,,,,,,,,,,,,,,,,,,
,,,,,,,,,,,,,,,,,,,,,,,,,
,,,,,,,,,,,,,,,,,,,,,,,,,
,,,,,,,,,,,,,,,,,,,,,,,,,
,,,,,,,,,,,,,,,,,,,,,,,,,
,,,,,,,,,,,,,,,,,,,,,,,,,
,,,,,,,,,,,,,,,,,,,,,,,,,
,,,,,,,,,,,,,,,,,,,,,,,,,
,,,,,,,,,,,,,,,,,,,,,,,,,
,,,,,,,,,,,,,,,,,,,,,,,,,
,,,,,,,,,,,,,,,,,,,,,,,,,
,,,,,,,,,,,,,,,,,,,,,,,,,
,,,,,,,,,,,,,,,,,,,,,,,,,
,,,,,,,,,,,,,,,,,,,,,,,,,
,,,,,,,,,,,,,,,,,,,,,,,,,
,,,,,,,,,,,,,,,,,,,,,,,,,
,,,,,,,,,,,,,,,,,,,,,,,,,
,,,,,,,,,,,,,,,,,,,,,,,,,
,,,,,,,,,,,,,,,,,,,,,,,,,
,,,,,,,,,,,,,,,,,,,,,,,,,
,,,,,,,,,,,,,,,,,,,,,,,,,
,,,,,,,,,,,,,,,,,,,,,,,,,
,,,,,,,,,,,,,,,,,,,,,,,,,
,,,,,,,,,,,,,,,,,,,,,,,,,
,,,,,,,,,,,,,,,,,,,,,,,,,
,,,,,,,,,,,,,,,,,,,,,,,,,
,,,,,,,,,,,,,,,,,,,,,,,,,
,,,,,,,,,,,,,,,,,,,,,,,,,
,,,,,,,,,,,,,,,,,,,,,,,,,
,,,,,,,,,,,,,,,,,,,,,,,,,
,,,,,,,,,,,,,,,,,,,,,,,,,
,,,,,,,,,,,,,,,,,,,,,,,,,
,,,,,,,,,,,,,,,,,,,,,,,,,
,,,,,,,,,,,,,,,,,,,,,,,,,
,,,,,,,,,,,,,,,,,,,,,,,,,
,,,,,,,,,,,,,,,,,,,,,,,,,
,,,,,,,,,,,,,,,,,,,,,,,,,
,,,,,,,,,,,,,,,,,,,,,,,,,
,,,,,,,,,,,,,,,,,,,,,,,,,
,,,,,,,,,,,,,,,,,,,,,,,,,
,,,,,,,,,,,,,,,,,,,,,,,,,
,,,,,,,,,,,,,,,,,,,,,,,,,
,,,,,,,,,,,,,,,,,,,,,,,,,
,,,,,,,,,,,,,,,,,,,,,,,,,
,,,,,,,,,,,,,,,,,,,,,,,,,
,,,,,,,,,,,,,,,,,,,,,,,,,
,,,,,,,,,,,,,,,,,,,,,,,,,
,,,,,,,,,,,,,,,,,,,,,,,,,
,,,,,,,,,,,,,,,,,,,,,,,,,
,,,,,,,,,,,,,,,,,,,,,,,,,
,,,,,,,,,,,,,,,,,,,,,,,,,
,,,,,,,,,,,,,,,,,,,,,,,,,
,,,,,,,,,,,,,,,,,,,,,,,,,
,,,,,,,,,,,,,,,,,,,,,,,,,
,,,,,,,,,,,,,,,,,,,,,,,,,
,,,,,,,,,,,,,,,,,,,,,,,,,
,,,,,,,,,,,,,,,,,,,,,,,,,
,,,,,,,,,,,,,,,,,,,,,,,,,
,,,,,,,,,,,,,,,,,,,,,,,,,
,,,,,,,,,,,,,,,,,,,,,,,,,
,,,,,,,,,,,,,,,,,,,,,,,,,
,,,,,,,,,,,,,,,,,,,,,,,,,
,,,,,,,,,,,,,,,,,,,,,,,,,
,,,,,,,,,,,,,,,,,,,,,,,,,
,,,,,,,,,,,,,,,,,,,,,,,,,
,,,,,,,,,,,,,,,,,,,,,,,,,
,,,,,,,,,,,,,,,,,,,,,,,,,
,,,,,,,,,,,,,,,,,,,,,,,,,
,,,,,,,,,,,,,,,,,,,,,,,,,
,,,,,,,,,,,,,,,,,,,,,,,,,
,,,,,,,,,,,,,,,,,,,,,,,,,
,,,,,,,,,,,,,,,,,,,,,,,,,
,,,,,,,,,,,,,,,,,,,,,,,,,
,,,,,,,,,,,,,,,,,,,,,,,,,
,,,,,,,,,,,,,,,,,,,,,,,,,
,,,,,,,,,,,,,,,,,,,,,,,,,
,,,,,,,,,,,,,,,,,,,,,,,,,
,,,,,,,,,,,,,,,,,,,,,,,,,
,,,,,,,,,,,,,,,,,,,,,,,,,
,,,,,,,,,,,,,,,,,,,,,,,,,
,,,,,,,,,,,,,,,,,,,,,,,,,
,,,,,,,,,,,,,,,,,,,,,,,,,
,,,,,,,,,,,,,,,,,,,,,,,,,
,,,,,,,,,,,,,,,,,,,,,,,,,
,,,,,,,,,,,,,,,,,,,,,,,,,
,,,,,,,,,,,,,,,,,,,,,,,,,
,,,,,,,,,,,,,,,,,,,,,,,,,
,,,,,,,,,,,,,,,,,,,,,,,,,
,,,,,,,,,,,,,,,,,,,,,,,,,
,,,,,,,,,,,,,,,,,,,,,,,,,
,,,,,,,,,,,,,,,,,,,,,,,,,
,,,,,,,,,,,,,,,,,,,,,,,,,
,,,,,,,,,,,,,,,,,,,,,,,,,
,,,,,,,,,,,,,,,,,,,,,,,,,
,,,,,,,,,,,,,,,,,,,,,,,,,
,,,,,,,,,,,,,,,,,,,,,,,,,
,,,,,,,,,,,,,,,,,,,,,,,,,
,,,,,,,,,,,,,,,,,,,,,,,,,
,,,,,,,,,,,,,,,,,,,,,,,,,
,,,,,,,,,,,,,,,,,,,,,,,,,
,,,,,,,,,,,,,,,,,,,,,,,,,
,,,,,,,,,,,,,,,,,,,,,,,,,
,,,,,,,,,,,,,,,,,,,,,,,,,
,,,,,,,,,,,,,,,,,,,,,,,,,
,,,,,,,,,,,,,,,,,,,,,,,,,
,,,,,,,,,,,,,,,,,,,,,,,,,
,,,,,,,,,,,,,,,,,,,,,,,,,
,,,,,,,,,,,,,,,,,,,,,,,,,
,,,,,,,,,,,,,,,,,,,,,,,,,
,,,,,,,,,,,,,,,,,,,,,,,,,
,,,,,,,,,,,,,,,,,,,,,,,,,
,,,,,,,,,,,,,,,,,,,,,,,,,
,,,,,,,,,,,,,,,,,,,,,,,,,
,,,,,,,,,,,,,,,,,,,,,,,,,
,,,,,,,,,,,,,,,,,,,,,,,,,
,,,,,,,,,,,,,,,,,,,,,,,,,
,,,,,,,,,,,,,,,,,,,,,,,,,
,,,,,,,,,,,,,,,,,,,,,,,,,
,,,,,,,,,,,,,,,,,,,,,,,,,
,,,,,,,,,,,,,,,,,,,,,,,,,
,,,,,,,,,,,,,,,,,,,,,,,,,
,,,,,,,,,,,,,,,,,,,,,,,,,
,,,,,,,,,,,,,,,,,,,,,,,,,
,,,,,,,,,,,,,,,,,,,,,,,,,
,,,,,,,,,,,,,,,,,,,,,,,,,
,,,,,,,,,,,,,,,,,,,,,,,,,
,,,,,,,,,,,,,,,,,,,,,,,,,
,,,,,,,,,,,,,,,,,,,,,,,,,
,,,,,,,,,,,,,,,,,,,,,,,,,
,,,,,,,,,,,,,,,,,,,,,,,,,
,,,,,,,,,,,,,,,,,,,,,,,,,
,,,,,,,,,,,,,,,,,,,,,,,,,
,,,,,,,,,,,,,,,,,,,,,,,,,
,,,,,,,,,,,,,,,,,,,,,,,,,
,,,,,,,,,,,,,,,,,,,,,,,,,
,,,,,,,,,,,,,,,,,,,,,,,,,
,,,,,,,,,,,,,,,,,,,,,,,,,
,,,,,,,,,,,,,,,,,,,,,,,,,
,,,,,,,,,,,,,,,,,,,,,,,,,
,,,,,,,,,,,,,,,,,,,,,,,,,
,,,,,,,,,,,,,,,,,,,,,,,,,
,,,,,,,,,,,,,,,,,,,,,,,,,
,,,,,,,,,,,,,,,,,,,,,,,,,
,,,,,,,,,,,,,,,,,,,,,,,,,
,,,,,,,,,,,,,,,,,,,,,,,,,
,,,,,,,,,,,,,,,,,,,,,,,,,
,,,,,,,,,,,,,,,,,,,,,,,,,
,,,,,,,,,,,,,,,,,,,,,,,,,
,,,,,,,,,,,,,,,,,,,,,,,,,
,,,,,,,,,,,,,,,,,,,,,,,,,
,,,,,,,,,,,,,,,,,,,,,,,,,
,,,,,,,,,,,,,,,,,,,,,,,,,
,,,,,,,,,,,,,,,,,,,,,,,,,
,,,,,,,,,,,,,,,,,,,,,,,,,
,,,,,,,,,,,,,,,,,,,,,,,,,
,,,,,,,,,,,,,,,,,,,,,,,,,
,,,,,,,,,,,,,,,,,,,,,,,,,
,,,,,,,,,,,,,,,,,,,,,,,,,
,,,,,,,,,,,,,,,,,,,,,,,,,
,,,,,,,,,,,,,,,,,,,,,,,,,
,,,,,,,,,,,,,,,,,,,,,,,,,
,,,,,,,,,,,,,,,,,,,,,,,,,
,,,,,,,,,,,,,,,,,,,,,,,,,
,,,,,,,,,,,,,,,,,,,,,,,,,
,,,,,,,,,,,,,,,,,,,,,,,,,
,,,,,,,,,,,,,,,,,,,,,,,,,
,,,,,,,,,,,,,,,,,,,,,,,,,
,,,,,,,,,,,,,,,,,,,,,,,,,
,,,,,,,,,,,,,,,,,,,,,,,,,
,,,,,,,,,,,,,,,,,,,,,,,,,
,,,,,,,,,,,,,,,,,,,,,,,,,
,,,,,,,,,,,,,,,,,,,,,,,,,
,,,,,,,,,,,,,,,,,,,,,,,,,
,,,,,,,,,,,,,,,,,,,,,,,,,
,,,,,,,,,,,,,,,,,,,,,,,,,
,,,,,,,,,,,,,,,,,,,,,,,,,
,,,,,,,,,,,,,,,,,,,,,,,,,
,,,,,,,,,,,,,,,,,,,,,,,,,
,,,,,,,,,,,,,,,,,,,,,,,,,
,,,,,,,,,,,,,,,,,,,,,,,,,
,,,,,,,,,,,,,,,,,,,,,,,,,
,,,,,,,,,,,,,,,,,,,,,,,,,
,,,,,,,,,,,,,,,,,,,,,,,,,
,,,,,,,,,,,,,,,,,,,,,,,,,
,,,,,,,,,,,,,,,,,,,,,,,,,
,,,,,,,,,,,,,,,,,,,,,,,,,
,,,,,,,,,,,,,,,,,,,,,,,,,
,,,,,,,,,,,,,,,,,,,,,,,,,
,,,,,,,,,,,,,,,,,,,,,,,,,
,,,,,,,,,,,,,,,,,,,,,,,,,
,,,,,,,,,,,,,,,,,,,,,,,,,
,,,,,,,,,,,,,,,,,,,,,,,,,
,,,,,,,,,,,,,,,,,,,,,,,,,
,,,,,,,,,,,,,,,,,,,,,,,,,
,,,,,,,,,,,,,,,,,,,,,,,,,
,,,,,,,,,,,,,,,,,,,,,,,,,
,,,,,,,,,,,,,,,,,,,,,,,,,
,,,,,,,,,,,,,,,,,,,,,,,,,
,,,,,,,,,,,,,,,,,,,,,,,,,
,,,,,,,,,,,,,,,,,,,,,,,,,
,,,,,,,,,,,,,,,,,,,,,,,,,
,,,,,,,,,,,,,,,,,,,,,,,,,
,,,,,,,,,,,,,,,,,,,,,,,,,
,,,,,,,,,,,,,,,,,,,,,,,,,
,,,,,,,,,,,,,,,,,,,,,,,,,
,,,,,,,,,,,,,,,,,,,,,,,,,
,,,,,,,,,,,,,,,,,,,,,,,,,
,,,,,,,,,,,,,,,,,,,,,,,,,
,,,,,,,,,,,,,,,,,,,,,,,,,
,,,,,,,,,,,,,,,,,,,,,,,,,
,,,,,,,,,,,,,,,,,,,,,,,,,
,,,,,,,,,,,,,,,,,,,,,,,,,
,,,,,,,,,,,,,,,,,,,,,,,,,
,,,,,,,,,,,,,,,,,,,,,,,,,
,,,,,,,,,,,,,,,,,,,,,,,,,
,,,,,,,,,,,,,,,,,,,,,,,,,
,,,,,,,,,,,,,,,,,,,,,,,,,
,,,,,,,,,,,,,,,,,,,,,,,,,
,,,,,,,,,,,,,,,,,,,,,,,,,
,,,,,,,,,,,,,,,,,,,,,,,,,
,,,,,,,,,,,,,,,,,,,,,,,,,
,,,,,,,,,,,,,,,,,,,,,,,,,
,,,,,,,,,,,,,,,,,,,,,,,,,
,,,,,,,,,,,,,,,,,,,,,,,,,
,,,,,,,,,,,,,,,,,,,,,,,,,
,,,,,,,,,,,,,,,,,,,,,,,,,
,,,,,,,,,,,,,,,,,,,,,,,,,
,,,,,,,,,,,,,,,,,,,,,,,,,
,,,,,,,,,,,,,,,,,,,,,,,,,
,,,,,,,,,,,,,,,,,,,,,,,,,
,,,,,,,,,,,,,,,,,,,,,,,,,
,,,,,,,,,,,,,,,,,,,,,,,,,
,,,,,,,,,,,,,,,,,,,,,,,,,
,,,,,,,,,,,,,,,,,,,,,,,,,
,,,,,,,,,,,,,,,,,,,,,,,,,
,,,,,,,,,,,,,,,,,,,,,,,,,
,,,,,,,,,,,,,,,,,,,,,,,,,
,,,,,,,,,,,,,,,,,,,,,,,,,
,,,,,,,,,,,,,,,,,,,,,,,,,
,,,,,,,,,,,,,,,,,,,,,,,,,
,,,,,,,,,,,,,,,,,,,,,,,,,
,,,,,,,,,,,,,,,,,,,,,,,,,
,,,,,,,,,,,,,,,,,,,,,,,,,
,,,,,,,,,,,,,,,,,,,,,,,,,
,,,,,,,,,,,,,,,,,,,,,,,,,
,,,,,,,,,,,,,,,,,,,,,,,,,
,,,,,,,,,,,,,,,,,,,,,,,,,
,,,,,,,,,,,,,,,,,,,,,,,,,
,,,,,,,,,,,,,,,,,,,,,,,,,
,,,,,,,,,,,,,,,,,,,,,,,,,
,,,,,,,,,,,,,,,,,,,,,,,,,
,,,,,,,,,,,,,,,,,,,,,,,,,
,,,,,,,,,,,,,,,,,,,,,,,,,
,,,,,,,,,,,,,,,,,,,,,,,,,
,,,,,,,,,,,,,,,,,,,,,,,,,
,,,,,,,,,,,,,,,,,,,,,,,,,
,,,,,,,,,,,,,,,,,,,,,,,,,
,,,,,,,,,,,,,,,,,,,,,,,,,
,,,,,,,,,,,,,,,,,,,,,,,,,
,,,,,,,,,,,,,,,,,,,,,,,,,
,,,,,,,,,,,,,,,,,,,,,,,,,
,,,,,,,,,,,,,,,,,,,,,,,,,
,,,,,,,,,,,,,,,,,,,,,,,,,
,,,,,,,,,,,,,,,,,,,,,,,,,
,,,,,,,,,,,,,,,,,,,,,,,,,
,,,,,,,,,,,,,,,,,,,,,,,,,
,,,,,,,,,,,,,,,,,,,,,,,,,
,,,,,,,,,,,,,,,,,,,,,,,,,
,,,,,,,,,,,,,,,,,,,,,,,,,
,,,,,,,,,,,,,,,,,,,,,,,,,
,,,,,,,,,,,,,,,,,,,,,,,,,
,,,,,,,,,,,,,,,,,,,,,,,,,
,,,,,,,,,,,,,,,,,,,,,,,,,
,,,,,,,,,,,,,,,,,,,,,,,,,
,,,,,,,,,,,,,,,,,,,,,,,,,
,,,,,,,,,,,,,,,,,,,,,,,,,
,,,,,,,,,,,,,,,,,,,,,,,,,
,,,,,,,,,,,,,,,,,,,,,,,,,
,,,,,,,,,,,,,,,,,,,,,,,,,
,,,,,,,,,,,,,,,,,,,,,,,,,
,,,,,,,,,,,,,,,,,,,,,,,,,
,,,,,,,,,,,,,,,,,,,,,,,,,
,,,,,,,,,,,,,,,,,,,,,,,,,
,,,,,,,,,,,,,,,,,,,,,,,,,
,,,,,,,,,,,,,,,,,,,,,,,,,
,,,,,,,,,,,,,,,,,,,,,,,,,
,,,,,,,,,,,,,,,,,,,,,,,,,
,,,,,,,,,,,,,,,,,,,,,,,,,
,,,,,,,,,,,,,,,,,,,,,,,,,
,,,,,,,,,,,,,,,,,,,,,,,,,
,,,,,,,,,,,,,,,,,,,,,,,,,
,,,,,,,,,,,,,,,,,,,,,,,,,
,,,,,,,,,,,,,,,,,,,,,,,,,
,,,,,,,,,,,,,,,,,,,,,,,,,
,,,,,,,,,,,,,,,,,,,,,,,,,
,,,,,,,,,,,,,,,,,,,,,,,,,
,,,,,,,,,,,,,,,,,,,,,,,,,
,,,,,,,,,,,,,,,,,,,,,,,,,
,,,,,,,,,,,,,,,,,,,,,,,,,
,,,,,,,,,,,,,,,,,,,,,,,,,
,,,,,,,,,,,,,,,,,,,,,,,,,
,,,,,,,,,,,,,,,,,,,,,,,,,
,,,,,,,,,,,,,,,,,,,,,,,,,
,,,,,,,,,,,,,,,,,,,,,,,,,
,,,,,,,,,,,,,,,,,,,,,,,,,
,,,,,,,,,,,,,,,,,,,,,,,,,
,,,,,,,,,,,,,,,,,,,,,,,,,
,,,,,,,,,,,,,,,,,,,,,,,,,
,,,,,,,,,,,,,,,,,,,,,,,,,
,,,,,,,,,,,,,,,,,,,,,,,,,
,,,,,,,,,,,,,,,,,,,,,,,,,
,,,,,,,,,,,,,,,,,,,,,,,,,
,,,,,,,,,,,,,,,,,,,,,,,,,
,,,,,,,,,,,,,,,,,,,,,,,,,
,,,,,,,,,,,,,,,,,,,,,,,,,
,,,,,,,,,,,,,,,,,,,,,,,,,
,,,,,,,,,,,,,,,,,,,,,,,,,
,,,,,,,,,,,,,,,,,,,,,,,,,
,,,,,,,,,,,,,,,,,,,,,,,,,
,,,,,,,,,,,,,,,,,,,,,,,,,
,,,,,,,,,,,,,,,,,,,,,,,,,
,,,,,,,,,,,,,,,,,,,,,,,,,
,,,,,,,,,,,,,,,,,,,,,,,,,
,,,,,,,,,,,,,,,,,,,,,,,,,
,,,,,,,,,,,,,,,,,,,,,,,,,
,,,,,,,,,,,,,,,,,,,,,,,,,
,,,,,,,,,,,,,,,,,,,,,,,,,
,,,,,,,,,,,,,,,,,,,,,,,,,
,,,,,,,,,,,,,,,,,,,,,,,,,
,,,,,,,,,,,,,,,,,,,,,,,,,
,,,,,,,,,,,,,,,,,,,,,,,,,
,,,,,,,,,,,,,,,,,,,,,,,,,
,,,,,,,,,,,,,,,,,,,,,,,,,
,,,,,,,,,,,,,,,,,,,,,,,,,
,,,,,,,,,,,,,,,,,,,,,,,,,
,,,,,,,,,,,,,,,,,,,,,,,,,
,,,,,,,,,,,,,,,,,,,,,,,,,
,,,,,,,,,,,,,,,,,,,,,,,,,
,,,,,,,,,,,,,,,,,,,,,,,,,
,,,,,,,,,,,,,,,,,,,,,,,,,
,,,,,,,,,,,,,,,,,,,,,,,,,
,,,,,,,,,,,,,,,,,,,,,,,,,
,,,,,,,,,,,,,,,,,,,,,,,,,
,,,,,,,,,,,,,,,,,,,,,,,,,
,,,,,,,,,,,,,,,,,,,,,,,,,
,,,,,,,,,,,,,,,,,,,,,,,,,
,,,,,,,,,,,,,,,,,,,,,,,,,
,,,,,,,,,,,,,,,,,,,,,,,,,
,,,,,,,,,,,,,,,,,,,,,,,,,
,,,,,,,,,,,,,,,,,,,,,,,,,
,,,,,,,,,,,,,,,,,,,,,,,,,
,,,,,,,,,,,,,,,,,,,,,,,,,
,,,,,,,,,,,,,,,,,,,,,,,,,
,,,,,,,,,,,,,,,,,,,,,,,,,
,,,,,,,,,,,,,,,,,,,,,,,,,
,,,,,,,,,,,,,,,,,,,,,,,,,
,,,,,,,,,,,,,,,,,,,,,,,,,
,,,,,,,,,,,,,,,,,,,,,,,,,
,,,,,,,,,,,,,,,,,,,,,,,,,
,,,,,,,,,,,,,,,,,,,,,,,,,
,,,,,,,,,,,,,,,,,,,,,,,,,
,,,,,,,,,,,,,,,,,,,,,,,,,
,,,,,,,,,,,,,,,,,,,,,,,,,
,,,,,,,,,,,,,,,,,,,,,,,,,
,,,,,,,,,,,,,,,,,,,,,,,,,
,,,,,,,,,,,,,,,,,,,,,,,,,
,,,,,,,,,,,,,,,,,,,,,,,,,
,,,,,,,,,,,,,,,,,,,,,,,,,
,,,,,,,,,,,,,,,,,,,,,,,,,
,,,,,,,,,,,,,,,,,,,,,,,,,
,,,,,,,,,,,,,,,,,,,,,,,,,
,,,,,,,,,,,,,,,,,,,,,,,,,
,,,,,,,,,,,,,,,,,,,,,,,,,
,,,,,,,,,,,,,,,,,,,,,,,,,
,,,,,,,,,,,,,,,,,,,,,,,,,
,,,,,,,,,,,,,,,,,,,,,,,,,
,,,,,,,,,,,,,,,,,,,,,,,,,
,,,,,,,,,,,,,,,,,,,,,,,,,
,,,,,,,,,,,,,,,,,,,,,,,,,
,,,,,,,,,,,,,,,,,,,,,,,,,
,,,,,,,,,,,,,,,,,,,,,,,,,
,,,,,,,,,,,,,,,,,,,,,,,,,
,,,,,,,,,,,,,,,,,,,,,,,,,
,,,,,,,,,,,,,,,,,,,,,,,,,
,,,,,,,,,,,,,,,,,,,,,,,,,
,,,,,,,,,,,,,,,,,,,,,,,,,
,,,,,,,,,,,,,,,,,,,,,,,,,
,,,,,,,,,,,,,,,,,,,,,,,,,
,,,,,,,,,,,,,,,,,,,,,,,,,
,,,,,,,,,,,,,,,,,,,,,,,,,
,,,,,,,,,,,,,,,,,,,,,,,,,
,,,,,,,,,,,,,,,,,,,,,,,,,
,,,,,,,,,,,,,,,,,,,,,,,,,
,,,,,,,,,,,,,,,,,,,,,,,,,
,,,,,,,,,,,,,,,,,,,,,,,,,
,,,,,,,,,,,,,,,,,,,,,,,,,
,,,,,,,,,,,,,,,,,,,,,,,,,
,,,,,,,,,,,,,,,,,,,,,,,,,
,,,,,,,,,,,,,,,,,,,,,,,,,
,,,,,,,,,,,,,,,,,,,,,,,,,
,,,,,,,,,,,,,,,,,,,,,,,,,
,,,,,,,,,,,,,,,,,,,,,,,,,
,,,,,,,,,,,,,,,,,,,,,,,,,
,,,,,,,,,,,,,,,,,,,,,,,,,
,,,,,,,,,,,,,,,,,,,,,,,,,
,,,,,,,,,,,,,,,,,,,,,,,,,
,,,,,,,,,,,,,,,,,,,,,,,,,
,,,,,,,,,,,,,,,,,,,,,,,,,
,,,,,,,,,,,,,,,,,,,,,,,,,
,,,,,,,,,,,,,,,,,,,,,,,,,
,,,,,,,,,,,,,,,,,,,,,,,,,
,,,,,,,,,,,,,,,,,,,,,,,,,
,,,,,,,,,,,,,,,,,,,,,,,,,
,,,,,,,,,,,,,,,,,,,,,,,,,
,,,,,,,,,,,,,,,,,,,,,,,,,
,,,,,,,,,,,,,,,,,,,,,,,,,
,,,,,,,,,,,,,,,,,,,,,,,,,
,,,,,,,,,,,,,,,,,,,,,,,,,
,,,,,,,,,,,,,,,,,,,,,,,,,
,,,,,,,,,,,,,,,,,,,,,,,,,
,,,,,,,,,,,,,,,,,,,,,,,,,
,,,,,,,,,,,,,,,,,,,,,,,,,
,,,,,,,,,,,,,,,,,,,,,,,,,
,,,,,,,,,,,,,,,,,,,,,,,,,
,,,,,,,,,,,,,,,,,,,,,,,,,
,,,,,,,,,,,,,,,,,,,,,,,,,
,,,,,,,,,,,,,,,,,,,,,,,,,
,,,,,,,,,,,,,,,,,,,,,,,,,
,,,,,,,,,,,,,,,,,,,,,,,,,
,,,,,,,,,,,,,,,,,,,,,,,,,
,,,,,,,,,,,,,,,,,,,,,,,,,
,,,,,,,,,,,,,,,,,,,,,,,,,
,,,,,,,,,,,,,,,,,,,,,,,,,
,,,,,,,,,,,,,,,,,,,,,,,,,
,,,,,,,,,,,,,,,,,,,,,,,,,
,,,,,,,,,,,,,,,,,,,,,,,,,
,,,,,,,,,,,,,,,,,,,,,,,,,
,,,,,,,,,,,,,,,,,,,,,,,,,
,,,,,,,,,,,,,,,,,,,,,,,,,
,,,,,,,,,,,,,,,,,,,,,,,,,
,,,,,,,,,,,,,,,,,,,,,,,,,
,,,,,,,,,,,,,,,,,,,,,,,,,
,,,,,,,,,,,,,,,,,,,,,,,,,
,,,,,,,,,,,,,,,,,,,,,,,,,
,,,,,,,,,,,,,,,,,,,,,,,,,
,,,,,,,,,,,,,,,,,,,,,,,,,
,,,,,,,,,,,,,,,,,,,,,,,,,
,,,,,,,,,,,,,,,,,,,,,,,,,
,,,,,,,,,,,,,,,,,,,,,,,,,
,,,,,,,,,,,,,,,,,,,,,,,,,
,,,,,,,,,,,,,,,,,,,,,,,,,
,,,,,,,,,,,,,,,,,,,,,,,,,
,,,,,,,,,,,,,,,,,,,,,,,,,
,,,,,,,,,,,,,,,,,,,,,,,,,
,,,,,,,,,,,,,,,,,,,,,,,,,
,,,,,,,,,,,,,,,,,,,,,,,,,
,,,,,,,,,,,,,,,,,,,,,,,,,
,,,,,,,,,,,,,,,,,,,,,,,,,
,,,,,,,,,,,,,,,,,,,,,,,,,
,,,,,,,,,,,,,,,,,,,,,,,,,
,,,,,,,,,,,,,,,,,,,,,,,,,
,,,,,,,,,,,,,,,,,,,,,,,,,
,,,,,,,,,,,,,,,,,,,,,,,,,
,,,,,,,,,,,,,,,,,,,,,,,,,
,,,,,,,,,,,,,,,,,,,,,,,,,
,,,,,,,,,,,,,,,,,,,,,,,,,
,,,,,,,,,,,,,,,,,,,,,,,,,
,,,,,,,,,,,,,,,,,,,,,,,,,
,,,,,,,,,,,,,,,,,,,,,,,,,
,,,,,,,,,,,,,,,,,,,,,,,,,
,,,,,,,,,,,,,,,,,,,,,,,,,
,,,,,,,,,,,,,,,,,,,,,,,,,
,,,,,,,,,,,,,,,,,,,,,,,,,
,,,,,,,,,,,,,,,,,,,,,,,,,
,,,,,,,,,,,,,,,,,,,,,,,,,
,,,,,,,,,,,,,,,,,,,,,,,,,
